label,label_id,precision,recall,f1_score,support,model_key,model_id,model_family,condition,seed
آبل باي أو جوجل باي,0,1.0,0.8333333333333334,0.9090909090909092,42.0,SVM,TFIDF_LinearSVC,TF-IDF + LinearSVC,baseline,
إرجاع الدفع بالبطاقة؟,1,0.5,0.4565217391304347,0.4772727272727273,46.0,SVM,TFIDF_LinearSVC,TF-IDF + LinearSVC,baseline,
إعادة الشحن عن طريق رسوم التحويل المصرفي,2,0.4333333333333333,0.490566037735849,0.4601769911504424,53.0,SVM,TFIDF_LinearSVC,TF-IDF + LinearSVC,baseline,
إلغاء التحويل,3,0.4193548387096774,0.325,0.3661971830985915,40.0,SVM,TFIDF_LinearSVC,TF-IDF + LinearSVC,baseline,
ابتلاع البطاقة,4,0.4468085106382978,0.525,0.4827586206896552,40.0,SVM,TFIDF_LinearSVC,TF-IDF + LinearSVC,baseline,
استرداد الأموال غير مرئي,5,0.7307692307692307,0.475,0.5757575757575758,40.0,SVM,TFIDF_LinearSVC,TF-IDF + LinearSVC,baseline,
البطاقات والعملات المدعومة,6,0.75,0.5581395348837209,0.64,43.0,SVM,TFIDF_LinearSVC,TF-IDF + LinearSVC,baseline,
البطاقة الافتراضية لا تعمل,7,0.0,0.0,0.0,44.0,SVM,TFIDF_LinearSVC,TF-IDF + LinearSVC,baseline,
البطاقة المفقودة أو المسروقة,8,0.3076923076923077,0.3018867924528302,0.3047619047619048,53.0,SVM,TFIDF_LinearSVC,TF-IDF + LinearSVC,baseline,
البطاقة لا تعمل,9,0.3157894736842105,0.3,0.3076923076923077,40.0,SVM,TFIDF_LinearSVC,TF-IDF + LinearSVC,baseline,
التحقق من مصدر الأموال,10,0.9615384615384616,0.5208333333333334,0.6756756756756757,48.0,SVM,TFIDF_LinearSVC,TF-IDF + LinearSVC,baseline,
التعبئة عن طريق البطاقة,11,0.3461538461538461,0.1875,0.2432432432432432,48.0,SVM,TFIDF_LinearSVC,TF-IDF + LinearSVC,baseline,
التعبئة عن طريق شحن البطاقة,12,0.6511627906976745,0.6666666666666666,0.6588235294117647,42.0,SVM,TFIDF_LinearSVC,TF-IDF + LinearSVC,baseline,
الحصول على بطاقة احتياطية,13,0.3258426966292135,0.725,0.4496124031007752,40.0,SVM,TFIDF_LinearSVC,TF-IDF + LinearSVC,baseline,
الحصول على بطاقة افتراضية,14,0.4492753623188406,0.6739130434782609,0.5391304347826087,46.0,SVM,TFIDF_LinearSVC,TF-IDF + LinearSVC,baseline,
الحصول على بطاقة افتراضية يمكن التخلص منها,15,0.3636363636363636,0.074074074074074,0.123076923076923,54.0,SVM,TFIDF_LinearSVC,TF-IDF + LinearSVC,baseline,
الحصول على بطاقة فعلية,16,0.5357142857142857,0.375,0.4411764705882353,40.0,SVM,TFIDF_LinearSVC,TF-IDF + LinearSVC,baseline,
الدفع المباشر للدين غير معروف,17,0.7297297297297297,0.5294117647058824,0.6136363636363636,51.0,SVM,TFIDF_LinearSVC,TF-IDF + LinearSVC,baseline,
الدفع بالبطاقة المعلق,18,0.4318181818181818,0.3584905660377358,0.3917525773195876,53.0,SVM,TFIDF_LinearSVC,TF-IDF + LinearSVC,baseline,
الدفع بالبطاقة غير معترف به,19,0.3939393939393939,0.325,0.3561643835616438,40.0,SVM,TFIDF_LinearSVC,TF-IDF + LinearSVC,baseline,
السحب النقدي غير معترف به,20,0.3396226415094339,0.4390243902439024,0.3829787234042553,41.0,SVM,TFIDF_LinearSVC,TF-IDF + LinearSVC,baseline,
الصرف عبر التطبيق,21,0.4285714285714285,0.3,0.3529411764705882,40.0,SVM,TFIDF_LinearSVC,TF-IDF + LinearSVC,baseline,
المستفيد غير مسموح به,22,0.6101694915254238,0.7058823529411765,0.6545454545454545,51.0,SVM,TFIDF_LinearSVC,TF-IDF + LinearSVC,baseline,
الهاتف المفقود أو المسروق,23,0.7647058823529411,0.3170731707317073,0.4482758620689655,41.0,SVM,TFIDF_LinearSVC,TF-IDF + LinearSVC,baseline,
انتظار التحويل,24,0.5294117647058824,0.4285714285714285,0.4736842105263157,42.0,SVM,TFIDF_LinearSVC,TF-IDF + LinearSVC,baseline,
انهاء حساب,25,0.5128205128205128,0.8955223880597015,0.6521739130434783,67.0,SVM,TFIDF_LinearSVC,TF-IDF + LinearSVC,baseline,
بطاقة على وشك الانتهاء,26,0.7272727272727273,0.5714285714285714,0.64,42.0,SVM,TFIDF_LinearSVC,TF-IDF + LinearSVC,baseline,
بطاقة مخترقة,27,0.3246753246753247,0.625,0.4273504273504273,40.0,SVM,TFIDF_LinearSVC,TF-IDF + LinearSVC,baseline,
تحرير التفاصيل الشخصية,28,0.6212121212121212,0.9111111111111112,0.7387387387387387,45.0,SVM,TFIDF_LinearSVC,TF-IDF + LinearSVC,baseline,
تحصيل رسوم التحويل,29,0.6,0.525,0.56,40.0,SVM,TFIDF_LinearSVC,TF-IDF + LinearSVC,baseline,
تحقق من تعبئة الرصيد,30,0.9722222222222222,0.7954545454545454,0.875,44.0,SVM,TFIDF_LinearSVC,TF-IDF + LinearSVC,baseline,
تحقق من هويتي,31,0.3653846153846153,0.475,0.4130434782608695,40.0,SVM,TFIDF_LinearSVC,TF-IDF + LinearSVC,baseline,
تعبئة الرصيد نقدًا أو بشيك,32,0.5357142857142857,0.4838709677419355,0.5084745762711864,62.0,SVM,TFIDF_LinearSVC,TF-IDF + LinearSVC,baseline,
تعبئة تلقائية,33,0.8775510204081632,0.7049180327868853,0.7818181818181819,61.0,SVM,TFIDF_LinearSVC,TF-IDF + LinearSVC,baseline,
تغيير رمز التعريف الشخصي,34,0.875,0.56,0.6829268292682927,50.0,SVM,TFIDF_LinearSVC,TF-IDF + LinearSVC,baseline,
تفعيل بطاقتي,35,0.3529411764705882,0.1363636363636363,0.1967213114754098,44.0,SVM,TFIDF_LinearSVC,TF-IDF + LinearSVC,baseline,
تقدير تسليم البطاقة,36,0.373134328358209,0.5952380952380952,0.4587155963302752,42.0,SVM,TFIDF_LinearSVC,TF-IDF + LinearSVC,baseline,
تلقي الأموال,37,0.8070175438596491,0.8679245283018868,0.8363636363636363,53.0,SVM,TFIDF_LinearSVC,TF-IDF + LinearSVC,baseline,
تلقي مبلغ خاطئ من النقد,38,0.5535714285714286,0.5961538461538461,0.5740740740740741,52.0,SVM,TFIDF_LinearSVC,TF-IDF + LinearSVC,baseline,
تم التحصيل مرتين,39,0.6533333333333333,0.9245283018867924,0.765625,53.0,SVM,TFIDF_LinearSVC,TF-IDF + LinearSVC,baseline,
تم تحصيل رسوم الدفع بالبطاقة,40,0.4606741573033708,0.6612903225806451,0.543046357615894,62.0,SVM,TFIDF_LinearSVC,TF-IDF + LinearSVC,baseline,
تم رفض الدفع بالبطاقة,41,0.2258064516129032,0.175,0.1971830985915492,40.0,SVM,TFIDF_LinearSVC,TF-IDF + LinearSVC,baseline,
توقيت التحويل,42,0.4285714285714285,0.675,0.5242718446601942,40.0,SVM,TFIDF_LinearSVC,TF-IDF + LinearSVC,baseline,
حد السن,43,0.4941176470588235,0.9333333333333332,0.6461538461538462,45.0,SVM,TFIDF_LinearSVC,TF-IDF + LinearSVC,baseline,
حدود البطاقة التي يمكن التخلص منها,44,0.7857142857142857,0.4583333333333333,0.5789473684210527,48.0,SVM,TFIDF_LinearSVC,TF-IDF + LinearSVC,baseline,
حدود التعبئة,45,0.5692307692307692,0.6981132075471698,0.6271186440677966,53.0,SVM,TFIDF_LinearSVC,TF-IDF + LinearSVC,baseline,
دعم أجهزة الصراف الآلي,46,0.75,0.2926829268292683,0.4210526315789473,41.0,SVM,TFIDF_LinearSVC,TF-IDF + LinearSVC,baseline,
دعم البلد,47,0.5869565217391305,0.675,0.627906976744186,40.0,SVM,TFIDF_LinearSVC,TF-IDF + LinearSVC,baseline,
دعم العملات الورقية,48,0.5555555555555556,0.5555555555555556,0.5555555555555556,45.0,SVM,TFIDF_LinearSVC,TF-IDF + LinearSVC,baseline,
ربط البطاقة,49,0.5058823529411764,0.7962962962962963,0.6187050359712231,54.0,SVM,TFIDF_LinearSVC,TF-IDF + LinearSVC,baseline,
رسوم إضافية على كشف الحساب,50,0.3953488372093023,0.425,0.4096385542168674,40.0,SVM,TFIDF_LinearSVC,TF-IDF + LinearSVC,baseline,
رسوم السحب النقدي,51,0.7,0.4883720930232558,0.5753424657534246,43.0,SVM,TFIDF_LinearSVC,TF-IDF + LinearSVC,baseline,
رسوم الصرف,52,0.5238095238095238,0.25,0.3384615384615385,44.0,SVM,TFIDF_LinearSVC,TF-IDF + LinearSVC,baseline,
رفض التحويل,53,0.45,0.4,0.4235294117647059,45.0,SVM,TFIDF_LinearSVC,TF-IDF + LinearSVC,baseline,
رفض السحب النقدي,54,0.8181818181818182,0.1914893617021276,0.3103448275862069,47.0,SVM,TFIDF_LinearSVC,TF-IDF + LinearSVC,baseline,
رمز التعريف الشخصي محظور,55,0.4736842105263157,0.45,0.4615384615384615,40.0,SVM,TFIDF_LinearSVC,TF-IDF + LinearSVC,baseline,
سعر الصرف,56,0.4626865671641791,0.775,0.5794392523364486,40.0,SVM,TFIDF_LinearSVC,TF-IDF + LinearSVC,baseline,
سعر الصرف الخاطئ للدفع بالبطاقة,57,0.6590909090909091,0.5178571428571429,0.58,56.0,SVM,TFIDF_LinearSVC,TF-IDF + LinearSVC,baseline,
سعر صرف خاطئ للسحب النقدي,58,0.5333333333333333,0.3809523809523809,0.4444444444444444,42.0,SVM,TFIDF_LinearSVC,TF-IDF + LinearSVC,baseline,
طلب استرداد,59,0.5263157894736842,0.25,0.3389830508474576,40.0,SVM,TFIDF_LinearSVC,TF-IDF + LinearSVC,baseline,
طلب بطاقة فعلية,60,0.3333333333333333,0.5178571428571429,0.4055944055944055,56.0,SVM,TFIDF_LinearSVC,TF-IDF + LinearSVC,baseline,
عادت تعبئة الرصيد,61,0.4,0.1428571428571428,0.2105263157894736,42.0,SVM,TFIDF_LinearSVC,TF-IDF + LinearSVC,baseline,
عدم التلامس لا يعمل,62,0.8333333333333334,0.7446808510638298,0.7865168539325843,47.0,SVM,TFIDF_LinearSVC,TF-IDF + LinearSVC,baseline,
غير قادر على التحقق من الهوية,63,0.5238095238095238,0.5365853658536586,0.5301204819277109,41.0,SVM,TFIDF_LinearSVC,TF-IDF + LinearSVC,baseline,
فشل التحويل,64,0.4126984126984127,0.4561403508771929,0.4333333333333333,57.0,SVM,TFIDF_LinearSVC,TF-IDF + LinearSVC,baseline,
فشل التعبئة,65,0.5,0.3541666666666667,0.4146341463414634,48.0,SVM,TFIDF_LinearSVC,TF-IDF + LinearSVC,baseline,
في انتظار التعبئة,66,0.3557692307692308,0.5692307692307692,0.4378698224852071,65.0,SVM,TFIDF_LinearSVC,TF-IDF + LinearSVC,baseline,
في انتظار السحب النقدي,67,0.6041666666666666,0.4142857142857143,0.4915254237288136,70.0,SVM,TFIDF_LinearSVC,TF-IDF + LinearSVC,baseline,
فيزا أو ماستر كارد,68,0.8604651162790697,0.902439024390244,0.8809523809523809,41.0,SVM,TFIDF_LinearSVC,TF-IDF + LinearSVC,baseline,
قبول البطاقة,69,0.5476190476190477,0.575,0.5609756097560976,40.0,SVM,TFIDF_LinearSVC,TF-IDF + LinearSVC,baseline,
لم يتم تحديث الرصيد بعد التحويل المصرفي,70,0.4,0.375,0.3870967741935484,48.0,SVM,TFIDF_LinearSVC,TF-IDF + LinearSVC,baseline,
لم يتم تحديث الرصيد بعد الشيك أو الإيداع النقدي,71,0.7058823529411765,0.3,0.4210526315789473,40.0,SVM,TFIDF_LinearSVC,TF-IDF + LinearSVC,baseline,
لم يستلم المستلم التحويل,72,0.3484848484848485,0.5,0.4107142857142857,46.0,SVM,TFIDF_LinearSVC,TF-IDF + LinearSVC,baseline,
لماذا التحقق من الهوية,73,0.3181818181818182,0.6829268292682927,0.4341085271317829,41.0,SVM,TFIDF_LinearSVC,TF-IDF + LinearSVC,baseline,
نسيان رمز المرور,74,0.8292682926829268,0.85,0.8395061728395061,40.0,SVM,TFIDF_LinearSVC,TF-IDF + LinearSVC,baseline,
نقل إلى الحساب,75,0.6296296296296297,0.576271186440678,0.6017699115044248,59.0,SVM,TFIDF_LinearSVC,TF-IDF + LinearSVC,baseline,
وصول البطاقة,76,0.3235294117647059,0.5365853658536586,0.4036697247706422,41.0,SVM,TFIDF_LinearSVC,TF-IDF + LinearSVC,baseline,
آبل باي أو جوجل باي,0,0.6458333333333334,0.7380952380952381,0.6888888888888889,42.0,TextCNN,TextCNN,TextCNN,baseline,42
إرجاع الدفع بالبطاقة؟,1,0.5769230769230769,0.3260869565217391,0.4166666666666667,46.0,TextCNN,TextCNN,TextCNN,baseline,42
إعادة الشحن عن طريق رسوم التحويل المصرفي,2,0.2702702702702703,0.5660377358490566,0.3658536585365853,53.0,TextCNN,TextCNN,TextCNN,baseline,42
إلغاء التحويل,3,0.5,0.05,0.0909090909090909,40.0,TextCNN,TextCNN,TextCNN,baseline,42
ابتلاع البطاقة,4,0.8,0.1,0.1777777777777777,40.0,TextCNN,TextCNN,TextCNN,baseline,42
استرداد الأموال غير مرئي,5,0.5555555555555556,0.25,0.3448275862068966,40.0,TextCNN,TextCNN,TextCNN,baseline,42
البطاقات والعملات المدعومة,6,0.53125,0.3953488372093023,0.4533333333333333,43.0,TextCNN,TextCNN,TextCNN,baseline,42
البطاقة الافتراضية لا تعمل,7,1.0,0.0681818181818181,0.1276595744680851,44.0,TextCNN,TextCNN,TextCNN,baseline,42
البطاقة المفقودة أو المسروقة,8,0.4,0.0377358490566037,0.0689655172413793,53.0,TextCNN,TextCNN,TextCNN,baseline,42
البطاقة لا تعمل,9,0.375,0.15,0.2142857142857142,40.0,TextCNN,TextCNN,TextCNN,baseline,42
التحقق من مصدر الأموال,10,0.8888888888888888,0.5,0.64,48.0,TextCNN,TextCNN,TextCNN,baseline,42
التعبئة عن طريق البطاقة,11,0.4285714285714285,0.125,0.1935483870967742,48.0,TextCNN,TextCNN,TextCNN,baseline,42
التعبئة عن طريق شحن البطاقة,12,0.8571428571428571,0.4285714285714285,0.5714285714285714,42.0,TextCNN,TextCNN,TextCNN,baseline,42
الحصول على بطاقة احتياطية,13,0.4523809523809524,0.475,0.4634146341463415,40.0,TextCNN,TextCNN,TextCNN,baseline,42
الحصول على بطاقة افتراضية,14,0.6363636363636364,0.4565217391304347,0.5316455696202531,46.0,TextCNN,TextCNN,TextCNN,baseline,42
الحصول على بطاقة افتراضية يمكن التخلص منها,15,0.4705882352941176,0.1481481481481481,0.2253521126760563,54.0,TextCNN,TextCNN,TextCNN,baseline,42
الحصول على بطاقة فعلية,16,1.0,0.05,0.0952380952380952,40.0,TextCNN,TextCNN,TextCNN,baseline,42
الدفع المباشر للدين غير معروف,17,0.4081632653061224,0.392156862745098,0.4,51.0,TextCNN,TextCNN,TextCNN,baseline,42
الدفع بالبطاقة المعلق,18,0.4814814814814814,0.2452830188679245,0.325,53.0,TextCNN,TextCNN,TextCNN,baseline,42
الدفع بالبطاقة غير معترف به,19,0.4,0.1,0.16,40.0,TextCNN,TextCNN,TextCNN,baseline,42
السحب النقدي غير معترف به,20,0.0764331210191082,0.5853658536585366,0.1352112676056338,41.0,TextCNN,TextCNN,TextCNN,baseline,42
الصرف عبر التطبيق,21,0.6666666666666666,0.15,0.2448979591836734,40.0,TextCNN,TextCNN,TextCNN,baseline,42
المستفيد غير مسموح به,22,0.631578947368421,0.2352941176470588,0.3428571428571428,51.0,TextCNN,TextCNN,TextCNN,baseline,42
الهاتف المفقود أو المسروق,23,1.0,0.073170731707317,0.1363636363636363,41.0,TextCNN,TextCNN,TextCNN,baseline,42
انتظار التحويل,24,0.0795180722891566,0.7857142857142857,0.1444201312910284,42.0,TextCNN,TextCNN,TextCNN,baseline,42
انهاء حساب,25,0.7083333333333334,0.5074626865671642,0.591304347826087,67.0,TextCNN,TextCNN,TextCNN,baseline,42
بطاقة على وشك الانتهاء,26,0.9333333333333332,0.3333333333333333,0.4912280701754385,42.0,TextCNN,TextCNN,TextCNN,baseline,42
بطاقة مخترقة,27,0.3,0.3,0.3,40.0,TextCNN,TextCNN,TextCNN,baseline,42
تحرير التفاصيل الشخصية,28,0.5714285714285714,0.8,0.6666666666666666,45.0,TextCNN,TextCNN,TextCNN,baseline,42
تحصيل رسوم التحويل,29,0.5714285714285714,0.2,0.2962962962962963,40.0,TextCNN,TextCNN,TextCNN,baseline,42
تحقق من تعبئة الرصيد,30,1.0,0.4090909090909091,0.5806451612903226,44.0,TextCNN,TextCNN,TextCNN,baseline,42
تحقق من هويتي,31,0.5714285714285714,0.1,0.1702127659574468,40.0,TextCNN,TextCNN,TextCNN,baseline,42
تعبئة الرصيد نقدًا أو بشيك,32,0.2153846153846154,0.4516129032258064,0.2916666666666667,62.0,TextCNN,TextCNN,TextCNN,baseline,42
تعبئة تلقائية,33,0.7083333333333334,0.5573770491803278,0.6238532110091743,61.0,TextCNN,TextCNN,TextCNN,baseline,42
تغيير رمز التعريف الشخصي,34,0.6153846153846154,0.32,0.4210526315789473,50.0,TextCNN,TextCNN,TextCNN,baseline,42
تفعيل بطاقتي,35,0.8333333333333334,0.1136363636363636,0.2,44.0,TextCNN,TextCNN,TextCNN,baseline,42
تقدير تسليم البطاقة,36,0.1612903225806451,0.238095238095238,0.1923076923076923,42.0,TextCNN,TextCNN,TextCNN,baseline,42
تلقي الأموال,37,0.9,0.5094339622641509,0.6506024096385542,53.0,TextCNN,TextCNN,TextCNN,baseline,42
تلقي مبلغ خاطئ من النقد,38,0.7307692307692307,0.3653846153846153,0.4871794871794871,52.0,TextCNN,TextCNN,TextCNN,baseline,42
تم التحصيل مرتين,39,0.8,0.8301886792452831,0.8148148148148148,53.0,TextCNN,TextCNN,TextCNN,baseline,42
تم تحصيل رسوم الدفع بالبطاقة,40,0.7777777777777778,0.2258064516129032,0.35,62.0,TextCNN,TextCNN,TextCNN,baseline,42
تم رفض الدفع بالبطاقة,41,0.2857142857142857,0.05,0.0851063829787234,40.0,TextCNN,TextCNN,TextCNN,baseline,42
توقيت التحويل,42,0.4571428571428571,0.4,0.4266666666666667,40.0,TextCNN,TextCNN,TextCNN,baseline,42
حد السن,43,0.5522388059701493,0.8222222222222222,0.6607142857142857,45.0,TextCNN,TextCNN,TextCNN,baseline,42
حدود البطاقة التي يمكن التخلص منها,44,0.7368421052631579,0.2916666666666667,0.417910447761194,48.0,TextCNN,TextCNN,TextCNN,baseline,42
حدود التعبئة,45,0.8,0.3018867924528302,0.4383561643835616,53.0,TextCNN,TextCNN,TextCNN,baseline,42
دعم أجهزة الصراف الآلي,46,0.6666666666666666,0.0975609756097561,0.1702127659574468,41.0,TextCNN,TextCNN,TextCNN,baseline,42
دعم البلد,47,0.8333333333333334,0.375,0.5172413793103449,40.0,TextCNN,TextCNN,TextCNN,baseline,42
دعم العملات الورقية,48,0.7368421052631579,0.3111111111111111,0.4375,45.0,TextCNN,TextCNN,TextCNN,baseline,42
ربط البطاقة,49,0.45,0.1666666666666666,0.2432432432432432,54.0,TextCNN,TextCNN,TextCNN,baseline,42
رسوم إضافية على كشف الحساب,50,0.3333333333333333,0.225,0.2686567164179104,40.0,TextCNN,TextCNN,TextCNN,baseline,42
رسوم السحب النقدي,51,0.4473684210526316,0.3953488372093023,0.419753086419753,43.0,TextCNN,TextCNN,TextCNN,baseline,42
رسوم الصرف,52,0.6296296296296297,0.3863636363636363,0.4788732394366197,44.0,TextCNN,TextCNN,TextCNN,baseline,42
رفض التحويل,53,0.1758241758241758,0.3555555555555555,0.2352941176470588,45.0,TextCNN,TextCNN,TextCNN,baseline,42
رفض السحب النقدي,54,0.1290322580645161,0.3404255319148936,0.1871345029239766,47.0,TextCNN,TextCNN,TextCNN,baseline,42
رمز التعريف الشخصي محظور,55,0.303030303030303,0.25,0.273972602739726,40.0,TextCNN,TextCNN,TextCNN,baseline,42
سعر الصرف,56,0.5862068965517241,0.85,0.6938775510204082,40.0,TextCNN,TextCNN,TextCNN,baseline,42
سعر الصرف الخاطئ للدفع بالبطاقة,57,0.75,0.1071428571428571,0.1875,56.0,TextCNN,TextCNN,TextCNN,baseline,42
سعر صرف خاطئ للسحب النقدي,58,0.3125,0.4761904761904761,0.3773584905660377,42.0,TextCNN,TextCNN,TextCNN,baseline,42
طلب استرداد,59,0.1,0.2,0.1333333333333333,40.0,TextCNN,TextCNN,TextCNN,baseline,42
طلب بطاقة فعلية,60,0.4339622641509434,0.4107142857142857,0.4220183486238532,56.0,TextCNN,TextCNN,TextCNN,baseline,42
عادت تعبئة الرصيد,61,0.2258064516129032,0.1666666666666666,0.1917808219178082,42.0,TextCNN,TextCNN,TextCNN,baseline,42
عدم التلامس لا يعمل,62,1.0,0.2127659574468085,0.3508771929824561,47.0,TextCNN,TextCNN,TextCNN,baseline,42
غير قادر على التحقق من الهوية,63,0.4444444444444444,0.4878048780487805,0.4651162790697674,41.0,TextCNN,TextCNN,TextCNN,baseline,42
فشل التحويل,64,0.3333333333333333,0.3508771929824561,0.3418803418803419,57.0,TextCNN,TextCNN,TextCNN,baseline,42
فشل التعبئة,65,0.4,0.0833333333333333,0.1379310344827586,48.0,TextCNN,TextCNN,TextCNN,baseline,42
في انتظار التعبئة,66,0.1776061776061776,0.7076923076923077,0.2839506172839506,65.0,TextCNN,TextCNN,TextCNN,baseline,42
في انتظار السحب النقدي,67,0.2298850574712643,0.5714285714285714,0.3278688524590163,70.0,TextCNN,TextCNN,TextCNN,baseline,42
فيزا أو ماستر كارد,68,0.6379310344827587,0.902439024390244,0.7474747474747475,41.0,TextCNN,TextCNN,TextCNN,baseline,42
قبول البطاقة,69,1.0,0.15,0.2608695652173913,40.0,TextCNN,TextCNN,TextCNN,baseline,42
لم يتم تحديث الرصيد بعد التحويل المصرفي,70,0.3125,0.1041666666666666,0.15625,48.0,TextCNN,TextCNN,TextCNN,baseline,42
لم يتم تحديث الرصيد بعد الشيك أو الإيداع النقدي,71,0.34375,0.275,0.3055555555555556,40.0,TextCNN,TextCNN,TextCNN,baseline,42
لم يستلم المستلم التحويل,72,0.3076923076923077,0.0869565217391304,0.135593220338983,46.0,TextCNN,TextCNN,TextCNN,baseline,42
لماذا التحقق من الهوية,73,0.5,0.6829268292682927,0.5773195876288659,41.0,TextCNN,TextCNN,TextCNN,baseline,42
نسيان رمز المرور,74,0.925925925925926,0.625,0.746268656716418,40.0,TextCNN,TextCNN,TextCNN,baseline,42
نقل إلى الحساب,75,0.4210526315789473,0.2711864406779661,0.3298969072164948,59.0,TextCNN,TextCNN,TextCNN,baseline,42
وصول البطاقة,76,0.2545454545454545,0.3414634146341463,0.2916666666666667,41.0,TextCNN,TextCNN,TextCNN,baseline,42
آبل باي أو جوجل باي,0,0.8837209302325582,0.9047619047619048,0.8941176470588236,42.0,AraBERT_E0_seed_42,AraBERT_E0_seed_42,AraBERTv2-base,E0,42
إرجاع الدفع بالبطاقة؟,1,0.6590909090909091,0.6304347826086957,0.6444444444444445,46.0,AraBERT_E0_seed_42,AraBERT_E0_seed_42,AraBERTv2-base,E0,42
إعادة الشحن عن طريق رسوم التحويل المصرفي,2,0.78,0.7358490566037735,0.7572815533980582,53.0,AraBERT_E0_seed_42,AraBERT_E0_seed_42,AraBERTv2-base,E0,42
إلغاء التحويل,3,0.8571428571428571,0.9,0.8780487804878049,40.0,AraBERT_E0_seed_42,AraBERT_E0_seed_42,AraBERTv2-base,E0,42
ابتلاع البطاقة,4,0.8285714285714286,0.725,0.7733333333333333,40.0,AraBERT_E0_seed_42,AraBERT_E0_seed_42,AraBERTv2-base,E0,42
استرداد الأموال غير مرئي,5,0.8235294117647058,0.7,0.7567567567567568,40.0,AraBERT_E0_seed_42,AraBERT_E0_seed_42,AraBERTv2-base,E0,42
البطاقات والعملات المدعومة,6,0.8529411764705882,0.6744186046511628,0.7532467532467533,43.0,AraBERT_E0_seed_42,AraBERT_E0_seed_42,AraBERTv2-base,E0,42
البطاقة الافتراضية لا تعمل,7,0.8076923076923077,0.4772727272727273,0.6,44.0,AraBERT_E0_seed_42,AraBERT_E0_seed_42,AraBERTv2-base,E0,42
البطاقة المفقودة أو المسروقة,8,0.8461538461538461,0.6226415094339622,0.717391304347826,53.0,AraBERT_E0_seed_42,AraBERT_E0_seed_42,AraBERTv2-base,E0,42
البطاقة لا تعمل,9,0.603448275862069,0.875,0.7142857142857143,40.0,AraBERT_E0_seed_42,AraBERT_E0_seed_42,AraBERTv2-base,E0,42
التحقق من مصدر الأموال,10,0.8,0.9166666666666666,0.8543689320388349,48.0,AraBERT_E0_seed_42,AraBERT_E0_seed_42,AraBERTv2-base,E0,42
التعبئة عن طريق البطاقة,11,0.3823529411764705,0.5416666666666666,0.4482758620689655,48.0,AraBERT_E0_seed_42,AraBERT_E0_seed_42,AraBERTv2-base,E0,42
التعبئة عن طريق شحن البطاقة,12,0.8461538461538461,0.7857142857142857,0.8148148148148148,42.0,AraBERT_E0_seed_42,AraBERT_E0_seed_42,AraBERTv2-base,E0,42
الحصول على بطاقة احتياطية,13,0.725,0.725,0.725,40.0,AraBERT_E0_seed_42,AraBERT_E0_seed_42,AraBERTv2-base,E0,42
الحصول على بطاقة افتراضية,14,0.5238095238095238,0.717391304347826,0.6055045871559633,46.0,AraBERT_E0_seed_42,AraBERT_E0_seed_42,AraBERTv2-base,E0,42
الحصول على بطاقة افتراضية يمكن التخلص منها,15,0.5789473684210527,0.2037037037037037,0.3013698630136986,54.0,AraBERT_E0_seed_42,AraBERT_E0_seed_42,AraBERTv2-base,E0,42
الحصول على بطاقة فعلية,16,0.8205128205128205,0.8,0.810126582278481,40.0,AraBERT_E0_seed_42,AraBERT_E0_seed_42,AraBERTv2-base,E0,42
الدفع المباشر للدين غير معروف,17,0.673469387755102,0.6470588235294118,0.66,51.0,AraBERT_E0_seed_42,AraBERT_E0_seed_42,AraBERTv2-base,E0,42
الدفع بالبطاقة المعلق,18,0.7441860465116279,0.6037735849056604,0.6666666666666666,53.0,AraBERT_E0_seed_42,AraBERT_E0_seed_42,AraBERTv2-base,E0,42
الدفع بالبطاقة غير معترف به,19,0.6129032258064516,0.475,0.5352112676056338,40.0,AraBERT_E0_seed_42,AraBERT_E0_seed_42,AraBERTv2-base,E0,42
السحب النقدي غير معترف به,20,0.6415094339622641,0.8292682926829268,0.723404255319149,41.0,AraBERT_E0_seed_42,AraBERT_E0_seed_42,AraBERTv2-base,E0,42
الصرف عبر التطبيق,21,0.8421052631578947,0.8,0.8205128205128205,40.0,AraBERT_E0_seed_42,AraBERT_E0_seed_42,AraBERTv2-base,E0,42
المستفيد غير مسموح به,22,0.6,0.7647058823529411,0.6724137931034483,51.0,AraBERT_E0_seed_42,AraBERT_E0_seed_42,AraBERTv2-base,E0,42
الهاتف المفقود أو المسروق,23,0.8222222222222222,0.902439024390244,0.8604651162790697,41.0,AraBERT_E0_seed_42,AraBERT_E0_seed_42,AraBERTv2-base,E0,42
انتظار التحويل,24,0.5428571428571428,0.4523809523809524,0.4935064935064935,42.0,AraBERT_E0_seed_42,AraBERT_E0_seed_42,AraBERTv2-base,E0,42
انهاء حساب,25,0.925925925925926,0.746268656716418,0.8264462809917356,67.0,AraBERT_E0_seed_42,AraBERT_E0_seed_42,AraBERTv2-base,E0,42
بطاقة على وشك الانتهاء,26,0.8409090909090909,0.8809523809523809,0.8604651162790697,42.0,AraBERT_E0_seed_42,AraBERT_E0_seed_42,AraBERTv2-base,E0,42
بطاقة مخترقة,27,0.7058823529411765,0.6,0.6486486486486487,40.0,AraBERT_E0_seed_42,AraBERT_E0_seed_42,AraBERTv2-base,E0,42
تحرير التفاصيل الشخصية,28,0.8076923076923077,0.9333333333333332,0.865979381443299,45.0,AraBERT_E0_seed_42,AraBERT_E0_seed_42,AraBERTv2-base,E0,42
تحصيل رسوم التحويل,29,0.6595744680851063,0.775,0.7126436781609196,40.0,AraBERT_E0_seed_42,AraBERT_E0_seed_42,AraBERTv2-base,E0,42
تحقق من تعبئة الرصيد,30,0.9285714285714286,0.8863636363636364,0.9069767441860463,44.0,AraBERT_E0_seed_42,AraBERT_E0_seed_42,AraBERTv2-base,E0,42
تحقق من هويتي,31,0.775,0.775,0.775,40.0,AraBERT_E0_seed_42,AraBERT_E0_seed_42,AraBERTv2-base,E0,42
تعبئة الرصيد نقدًا أو بشيك,32,0.7567567567567568,0.4516129032258064,0.5656565656565656,62.0,AraBERT_E0_seed_42,AraBERT_E0_seed_42,AraBERTv2-base,E0,42
تعبئة تلقائية,33,0.7971014492753623,0.9016393442622952,0.8461538461538461,61.0,AraBERT_E0_seed_42,AraBERT_E0_seed_42,AraBERTv2-base,E0,42
تغيير رمز التعريف الشخصي,34,0.9302325581395348,0.8,0.8602150537634409,50.0,AraBERT_E0_seed_42,AraBERT_E0_seed_42,AraBERTv2-base,E0,42
تفعيل بطاقتي,35,0.896551724137931,0.5909090909090909,0.7123287671232876,44.0,AraBERT_E0_seed_42,AraBERT_E0_seed_42,AraBERTv2-base,E0,42
تقدير تسليم البطاقة,36,0.6101694915254238,0.8571428571428571,0.7128712871287128,42.0,AraBERT_E0_seed_42,AraBERT_E0_seed_42,AraBERTv2-base,E0,42
تلقي الأموال,37,0.7796610169491526,0.8679245283018868,0.8214285714285714,53.0,AraBERT_E0_seed_42,AraBERT_E0_seed_42,AraBERTv2-base,E0,42
تلقي مبلغ خاطئ من النقد,38,0.8653846153846154,0.8653846153846154,0.8653846153846154,52.0,AraBERT_E0_seed_42,AraBERT_E0_seed_42,AraBERTv2-base,E0,42
تم التحصيل مرتين,39,0.8064516129032258,0.9433962264150944,0.8695652173913043,53.0,AraBERT_E0_seed_42,AraBERT_E0_seed_42,AraBERTv2-base,E0,42
تم تحصيل رسوم الدفع بالبطاقة,40,0.7580645161290323,0.7580645161290323,0.7580645161290323,62.0,AraBERT_E0_seed_42,AraBERT_E0_seed_42,AraBERTv2-base,E0,42
تم رفض الدفع بالبطاقة,41,0.6896551724137931,0.5,0.5797101449275363,40.0,AraBERT_E0_seed_42,AraBERT_E0_seed_42,AraBERTv2-base,E0,42
توقيت التحويل,42,0.5833333333333334,0.875,0.7,40.0,AraBERT_E0_seed_42,AraBERT_E0_seed_42,AraBERTv2-base,E0,42
حد السن,43,0.9130434782608696,0.9333333333333332,0.9230769230769232,45.0,AraBERT_E0_seed_42,AraBERT_E0_seed_42,AraBERTv2-base,E0,42
حدود البطاقة التي يمكن التخلص منها,44,0.7547169811320755,0.8333333333333334,0.7920792079207921,48.0,AraBERT_E0_seed_42,AraBERT_E0_seed_42,AraBERTv2-base,E0,42
حدود التعبئة,45,0.88,0.8301886792452831,0.8543689320388349,53.0,AraBERT_E0_seed_42,AraBERT_E0_seed_42,AraBERTv2-base,E0,42
دعم أجهزة الصراف الآلي,46,0.8780487804878049,0.8780487804878049,0.8780487804878049,41.0,AraBERT_E0_seed_42,AraBERT_E0_seed_42,AraBERTv2-base,E0,42
دعم البلد,47,0.9047619047619048,0.95,0.926829268292683,40.0,AraBERT_E0_seed_42,AraBERT_E0_seed_42,AraBERTv2-base,E0,42
دعم العملات الورقية,48,0.6730769230769231,0.7777777777777778,0.7216494845360825,45.0,AraBERT_E0_seed_42,AraBERT_E0_seed_42,AraBERTv2-base,E0,42
ربط البطاقة,49,0.7966101694915254,0.8703703703703703,0.831858407079646,54.0,AraBERT_E0_seed_42,AraBERT_E0_seed_42,AraBERTv2-base,E0,42
رسوم إضافية على كشف الحساب,50,0.8181818181818182,0.675,0.7397260273972602,40.0,AraBERT_E0_seed_42,AraBERT_E0_seed_42,AraBERTv2-base,E0,42
رسوم السحب النقدي,51,0.68,0.7906976744186046,0.7311827956989247,43.0,AraBERT_E0_seed_42,AraBERT_E0_seed_42,AraBERTv2-base,E0,42
رسوم الصرف,52,0.9166666666666666,0.5,0.6470588235294118,44.0,AraBERT_E0_seed_42,AraBERT_E0_seed_42,AraBERTv2-base,E0,42
رفض التحويل,53,0.9545454545454546,0.4666666666666667,0.6268656716417911,45.0,AraBERT_E0_seed_42,AraBERT_E0_seed_42,AraBERTv2-base,E0,42
رفض السحب النقدي,54,0.8333333333333334,0.7446808510638298,0.7865168539325843,47.0,AraBERT_E0_seed_42,AraBERT_E0_seed_42,AraBERTv2-base,E0,42
رمز التعريف الشخصي محظور,55,0.8125,0.65,0.7222222222222222,40.0,AraBERT_E0_seed_42,AraBERT_E0_seed_42,AraBERTv2-base,E0,42
سعر الصرف,56,0.8181818181818182,0.9,0.8571428571428571,40.0,AraBERT_E0_seed_42,AraBERT_E0_seed_42,AraBERTv2-base,E0,42
سعر الصرف الخاطئ للدفع بالبطاقة,57,0.7666666666666667,0.8214285714285714,0.7931034482758621,56.0,AraBERT_E0_seed_42,AraBERT_E0_seed_42,AraBERTv2-base,E0,42
سعر صرف خاطئ للسحب النقدي,58,0.8064516129032258,0.5952380952380952,0.684931506849315,42.0,AraBERT_E0_seed_42,AraBERT_E0_seed_42,AraBERTv2-base,E0,42
طلب استرداد,59,0.8787878787878788,0.725,0.7945205479452054,40.0,AraBERT_E0_seed_42,AraBERT_E0_seed_42,AraBERTv2-base,E0,42
طلب بطاقة فعلية,60,0.4591836734693877,0.8035714285714286,0.5844155844155844,56.0,AraBERT_E0_seed_42,AraBERT_E0_seed_42,AraBERTv2-base,E0,42
عادت تعبئة الرصيد,61,0.5185185185185185,0.6666666666666666,0.5833333333333334,42.0,AraBERT_E0_seed_42,AraBERT_E0_seed_42,AraBERTv2-base,E0,42
عدم التلامس لا يعمل,62,0.9473684210526316,0.7659574468085106,0.8470588235294118,47.0,AraBERT_E0_seed_42,AraBERT_E0_seed_42,AraBERTv2-base,E0,42
غير قادر على التحقق من الهوية,63,0.8235294117647058,0.6829268292682927,0.7466666666666667,41.0,AraBERT_E0_seed_42,AraBERT_E0_seed_42,AraBERTv2-base,E0,42
فشل التحويل,64,0.8148148148148148,0.3859649122807017,0.5238095238095238,57.0,AraBERT_E0_seed_42,AraBERT_E0_seed_42,AraBERTv2-base,E0,42
فشل التعبئة,65,0.7777777777777778,0.5833333333333334,0.6666666666666666,48.0,AraBERT_E0_seed_42,AraBERT_E0_seed_42,AraBERTv2-base,E0,42
في انتظار التعبئة,66,0.5257731958762887,0.7846153846153846,0.6296296296296297,65.0,AraBERT_E0_seed_42,AraBERT_E0_seed_42,AraBERTv2-base,E0,42
في انتظار السحب النقدي,67,0.8983050847457628,0.7571428571428571,0.8217054263565892,70.0,AraBERT_E0_seed_42,AraBERT_E0_seed_42,AraBERTv2-base,E0,42
فيزا أو ماستر كارد,68,0.8780487804878049,0.8780487804878049,0.8780487804878049,41.0,AraBERT_E0_seed_42,AraBERT_E0_seed_42,AraBERTv2-base,E0,42
قبول البطاقة,69,0.66,0.825,0.7333333333333333,40.0,AraBERT_E0_seed_42,AraBERT_E0_seed_42,AraBERTv2-base,E0,42
لم يتم تحديث الرصيد بعد التحويل المصرفي,70,0.4931506849315068,0.75,0.5950413223140496,48.0,AraBERT_E0_seed_42,AraBERT_E0_seed_42,AraBERTv2-base,E0,42
لم يتم تحديث الرصيد بعد الشيك أو الإيداع النقدي,71,0.7222222222222222,0.65,0.6842105263157895,40.0,AraBERT_E0_seed_42,AraBERT_E0_seed_42,AraBERTv2-base,E0,42
لم يستلم المستلم التحويل,72,0.6206896551724138,0.782608695652174,0.6923076923076923,46.0,AraBERT_E0_seed_42,AraBERT_E0_seed_42,AraBERTv2-base,E0,42
لماذا التحقق من الهوية,73,0.5471698113207547,0.7073170731707317,0.6170212765957447,41.0,AraBERT_E0_seed_42,AraBERT_E0_seed_42,AraBERTv2-base,E0,42
نسيان رمز المرور,74,0.8717948717948718,0.85,0.8607594936708861,40.0,AraBERT_E0_seed_42,AraBERT_E0_seed_42,AraBERTv2-base,E0,42
نقل إلى الحساب,75,0.7538461538461538,0.8305084745762712,0.7903225806451613,59.0,AraBERT_E0_seed_42,AraBERT_E0_seed_42,AraBERTv2-base,E0,42
وصول البطاقة,76,0.6170212765957447,0.7073170731707317,0.6590909090909091,41.0,AraBERT_E0_seed_42,AraBERT_E0_seed_42,AraBERTv2-base,E0,42
آبل باي أو جوجل باي,0,0.9047619047619048,0.9047619047619048,0.9047619047619048,42.0,AraBERT_E0_seed_123,AraBERT_E0_seed_123,AraBERTv2-base,E0,123
إرجاع الدفع بالبطاقة؟,1,0.5483870967741935,0.7391304347826086,0.6296296296296297,46.0,AraBERT_E0_seed_123,AraBERT_E0_seed_123,AraBERTv2-base,E0,123
إعادة الشحن عن طريق رسوم التحويل المصرفي,2,0.7450980392156863,0.7169811320754716,0.7307692307692307,53.0,AraBERT_E0_seed_123,AraBERT_E0_seed_123,AraBERTv2-base,E0,123
إلغاء التحويل,3,0.8372093023255814,0.9,0.8674698795180723,40.0,AraBERT_E0_seed_123,AraBERT_E0_seed_123,AraBERTv2-base,E0,123
ابتلاع البطاقة,4,0.7073170731707317,0.725,0.7160493827160493,40.0,AraBERT_E0_seed_123,AraBERT_E0_seed_123,AraBERTv2-base,E0,123
استرداد الأموال غير مرئي,5,0.6756756756756757,0.625,0.6493506493506493,40.0,AraBERT_E0_seed_123,AraBERT_E0_seed_123,AraBERTv2-base,E0,123
البطاقات والعملات المدعومة,6,0.7555555555555555,0.7906976744186046,0.7727272727272727,43.0,AraBERT_E0_seed_123,AraBERT_E0_seed_123,AraBERTv2-base,E0,123
البطاقة الافتراضية لا تعمل,7,0.84,0.4772727272727273,0.6086956521739131,44.0,AraBERT_E0_seed_123,AraBERT_E0_seed_123,AraBERTv2-base,E0,123
البطاقة المفقودة أو المسروقة,8,0.8333333333333334,0.4716981132075472,0.6024096385542169,53.0,AraBERT_E0_seed_123,AraBERT_E0_seed_123,AraBERTv2-base,E0,123
البطاقة لا تعمل,9,0.4861111111111111,0.875,0.625,40.0,AraBERT_E0_seed_123,AraBERT_E0_seed_123,AraBERTv2-base,E0,123
التحقق من مصدر الأموال,10,0.9166666666666666,0.9166666666666666,0.9166666666666666,48.0,AraBERT_E0_seed_123,AraBERT_E0_seed_123,AraBERTv2-base,E0,123
التعبئة عن طريق البطاقة,11,0.5,0.5833333333333334,0.5384615384615384,48.0,AraBERT_E0_seed_123,AraBERT_E0_seed_123,AraBERTv2-base,E0,123
التعبئة عن طريق شحن البطاقة,12,0.825,0.7857142857142857,0.8048780487804879,42.0,AraBERT_E0_seed_123,AraBERT_E0_seed_123,AraBERTv2-base,E0,123
الحصول على بطاقة احتياطية,13,0.625,0.75,0.6818181818181818,40.0,AraBERT_E0_seed_123,AraBERT_E0_seed_123,AraBERTv2-base,E0,123
الحصول على بطاقة افتراضية,14,0.5625,0.782608695652174,0.6545454545454545,46.0,AraBERT_E0_seed_123,AraBERT_E0_seed_123,AraBERTv2-base,E0,123
الحصول على بطاقة افتراضية يمكن التخلص منها,15,0.8,0.3703703703703703,0.5063291139240507,54.0,AraBERT_E0_seed_123,AraBERT_E0_seed_123,AraBERTv2-base,E0,123
الحصول على بطاقة فعلية,16,0.8095238095238095,0.85,0.8292682926829268,40.0,AraBERT_E0_seed_123,AraBERT_E0_seed_123,AraBERTv2-base,E0,123
الدفع المباشر للدين غير معروف,17,0.75,0.6470588235294118,0.6947368421052632,51.0,AraBERT_E0_seed_123,AraBERT_E0_seed_123,AraBERTv2-base,E0,123
الدفع بالبطاقة المعلق,18,0.8108108108108109,0.5660377358490566,0.6666666666666666,53.0,AraBERT_E0_seed_123,AraBERT_E0_seed_123,AraBERTv2-base,E0,123
الدفع بالبطاقة غير معترف به,19,0.5277777777777778,0.475,0.5,40.0,AraBERT_E0_seed_123,AraBERT_E0_seed_123,AraBERTv2-base,E0,123
السحب النقدي غير معترف به,20,0.6666666666666666,0.7317073170731707,0.6976744186046512,41.0,AraBERT_E0_seed_123,AraBERT_E0_seed_123,AraBERTv2-base,E0,123
الصرف عبر التطبيق,21,0.75,0.75,0.75,40.0,AraBERT_E0_seed_123,AraBERT_E0_seed_123,AraBERTv2-base,E0,123
المستفيد غير مسموح به,22,0.660377358490566,0.6862745098039216,0.6730769230769231,51.0,AraBERT_E0_seed_123,AraBERT_E0_seed_123,AraBERTv2-base,E0,123
الهاتف المفقود أو المسروق,23,0.7916666666666666,0.926829268292683,0.8539325842696629,41.0,AraBERT_E0_seed_123,AraBERT_E0_seed_123,AraBERTv2-base,E0,123
انتظار التحويل,24,0.72,0.4285714285714285,0.5373134328358209,42.0,AraBERT_E0_seed_123,AraBERT_E0_seed_123,AraBERTv2-base,E0,123
انهاء حساب,25,0.8676470588235294,0.8805970149253731,0.8740740740740741,67.0,AraBERT_E0_seed_123,AraBERT_E0_seed_123,AraBERTv2-base,E0,123
بطاقة على وشك الانتهاء,26,0.8947368421052632,0.8095238095238095,0.85,42.0,AraBERT_E0_seed_123,AraBERT_E0_seed_123,AraBERTv2-base,E0,123
بطاقة مخترقة,27,0.75,0.6,0.6666666666666666,40.0,AraBERT_E0_seed_123,AraBERT_E0_seed_123,AraBERTv2-base,E0,123
تحرير التفاصيل الشخصية,28,0.8571428571428571,0.9333333333333332,0.8936170212765957,45.0,AraBERT_E0_seed_123,AraBERT_E0_seed_123,AraBERTv2-base,E0,123
تحصيل رسوم التحويل,29,0.6222222222222222,0.7,0.6588235294117647,40.0,AraBERT_E0_seed_123,AraBERT_E0_seed_123,AraBERTv2-base,E0,123
تحقق من تعبئة الرصيد,30,0.951219512195122,0.8863636363636364,0.9176470588235294,44.0,AraBERT_E0_seed_123,AraBERT_E0_seed_123,AraBERTv2-base,E0,123
تحقق من هويتي,31,0.7317073170731707,0.75,0.7407407407407407,40.0,AraBERT_E0_seed_123,AraBERT_E0_seed_123,AraBERTv2-base,E0,123
تعبئة الرصيد نقدًا أو بشيك,32,0.7317073170731707,0.4838709677419355,0.5825242718446602,62.0,AraBERT_E0_seed_123,AraBERT_E0_seed_123,AraBERTv2-base,E0,123
تعبئة تلقائية,33,0.8620689655172413,0.819672131147541,0.8403361344537815,61.0,AraBERT_E0_seed_123,AraBERT_E0_seed_123,AraBERTv2-base,E0,123
تغيير رمز التعريف الشخصي,34,0.9361702127659576,0.88,0.9072164948453608,50.0,AraBERT_E0_seed_123,AraBERT_E0_seed_123,AraBERTv2-base,E0,123
تفعيل بطاقتي,35,0.967741935483871,0.6818181818181818,0.8,44.0,AraBERT_E0_seed_123,AraBERT_E0_seed_123,AraBERTv2-base,E0,123
تقدير تسليم البطاقة,36,0.7111111111111111,0.7619047619047619,0.735632183908046,42.0,AraBERT_E0_seed_123,AraBERT_E0_seed_123,AraBERTv2-base,E0,123
تلقي الأموال,37,0.7666666666666667,0.8679245283018868,0.8141592920353983,53.0,AraBERT_E0_seed_123,AraBERT_E0_seed_123,AraBERTv2-base,E0,123
تلقي مبلغ خاطئ من النقد,38,0.5897435897435898,0.8846153846153846,0.7076923076923077,52.0,AraBERT_E0_seed_123,AraBERT_E0_seed_123,AraBERTv2-base,E0,123
تم التحصيل مرتين,39,0.875,0.9245283018867924,0.8990825688073395,53.0,AraBERT_E0_seed_123,AraBERT_E0_seed_123,AraBERTv2-base,E0,123
تم تحصيل رسوم الدفع بالبطاقة,40,0.6666666666666666,0.8387096774193549,0.7428571428571429,62.0,AraBERT_E0_seed_123,AraBERT_E0_seed_123,AraBERTv2-base,E0,123
تم رفض الدفع بالبطاقة,41,0.7333333333333333,0.55,0.6285714285714286,40.0,AraBERT_E0_seed_123,AraBERT_E0_seed_123,AraBERTv2-base,E0,123
توقيت التحويل,42,0.6078431372549019,0.775,0.6813186813186813,40.0,AraBERT_E0_seed_123,AraBERT_E0_seed_123,AraBERTv2-base,E0,123
حد السن,43,0.9148936170212766,0.9555555555555556,0.9347826086956522,45.0,AraBERT_E0_seed_123,AraBERT_E0_seed_123,AraBERTv2-base,E0,123
حدود البطاقة التي يمكن التخلص منها,44,0.7407407407407407,0.8333333333333334,0.7843137254901961,48.0,AraBERT_E0_seed_123,AraBERT_E0_seed_123,AraBERTv2-base,E0,123
حدود التعبئة,45,0.84,0.7924528301886793,0.8155339805825242,53.0,AraBERT_E0_seed_123,AraBERT_E0_seed_123,AraBERTv2-base,E0,123
دعم أجهزة الصراف الآلي,46,0.8260869565217391,0.926829268292683,0.8735632183908046,41.0,AraBERT_E0_seed_123,AraBERT_E0_seed_123,AraBERTv2-base,E0,123
دعم البلد,47,0.9230769230769232,0.9,0.9113924050632912,40.0,AraBERT_E0_seed_123,AraBERT_E0_seed_123,AraBERTv2-base,E0,123
دعم العملات الورقية,48,0.7560975609756098,0.6888888888888889,0.7209302325581395,45.0,AraBERT_E0_seed_123,AraBERT_E0_seed_123,AraBERTv2-base,E0,123
ربط البطاقة,49,0.7966101694915254,0.8703703703703703,0.831858407079646,54.0,AraBERT_E0_seed_123,AraBERT_E0_seed_123,AraBERTv2-base,E0,123
رسوم إضافية على كشف الحساب,50,0.7,0.7,0.7,40.0,AraBERT_E0_seed_123,AraBERT_E0_seed_123,AraBERTv2-base,E0,123
رسوم السحب النقدي,51,0.725,0.6744186046511628,0.6987951807228916,43.0,AraBERT_E0_seed_123,AraBERT_E0_seed_123,AraBERTv2-base,E0,123
رسوم الصرف,52,0.8620689655172413,0.5681818181818182,0.684931506849315,44.0,AraBERT_E0_seed_123,AraBERT_E0_seed_123,AraBERTv2-base,E0,123
رفض التحويل,53,0.8,0.6222222222222222,0.7,45.0,AraBERT_E0_seed_123,AraBERT_E0_seed_123,AraBERTv2-base,E0,123
رفض السحب النقدي,54,0.7551020408163265,0.7872340425531915,0.7708333333333334,47.0,AraBERT_E0_seed_123,AraBERT_E0_seed_123,AraBERTv2-base,E0,123
رمز التعريف الشخصي محظور,55,0.8235294117647058,0.7,0.7567567567567568,40.0,AraBERT_E0_seed_123,AraBERT_E0_seed_123,AraBERTv2-base,E0,123
سعر الصرف,56,0.8095238095238095,0.85,0.8292682926829268,40.0,AraBERT_E0_seed_123,AraBERT_E0_seed_123,AraBERTv2-base,E0,123
سعر الصرف الخاطئ للدفع بالبطاقة,57,0.8148148148148148,0.7857142857142857,0.8,56.0,AraBERT_E0_seed_123,AraBERT_E0_seed_123,AraBERTv2-base,E0,123
سعر صرف خاطئ للسحب النقدي,58,0.8484848484848485,0.6666666666666666,0.7466666666666667,42.0,AraBERT_E0_seed_123,AraBERT_E0_seed_123,AraBERTv2-base,E0,123
طلب استرداد,59,0.7931034482758621,0.575,0.6666666666666666,40.0,AraBERT_E0_seed_123,AraBERT_E0_seed_123,AraBERTv2-base,E0,123
طلب بطاقة فعلية,60,0.7101449275362319,0.875,0.784,56.0,AraBERT_E0_seed_123,AraBERT_E0_seed_123,AraBERTv2-base,E0,123
عادت تعبئة الرصيد,61,0.7027027027027027,0.6190476190476191,0.6582278481012658,42.0,AraBERT_E0_seed_123,AraBERT_E0_seed_123,AraBERTv2-base,E0,123
عدم التلامس لا يعمل,62,0.918918918918919,0.723404255319149,0.8095238095238095,47.0,AraBERT_E0_seed_123,AraBERT_E0_seed_123,AraBERTv2-base,E0,123
غير قادر على التحقق من الهوية,63,0.7560975609756098,0.7560975609756098,0.7560975609756098,41.0,AraBERT_E0_seed_123,AraBERT_E0_seed_123,AraBERTv2-base,E0,123
فشل التحويل,64,0.7317073170731707,0.5263157894736842,0.6122448979591837,57.0,AraBERT_E0_seed_123,AraBERT_E0_seed_123,AraBERTv2-base,E0,123
فشل التعبئة,65,0.7777777777777778,0.5833333333333334,0.6666666666666666,48.0,AraBERT_E0_seed_123,AraBERT_E0_seed_123,AraBERTv2-base,E0,123
في انتظار التعبئة,66,0.5955056179775281,0.8153846153846154,0.6883116883116883,65.0,AraBERT_E0_seed_123,AraBERT_E0_seed_123,AraBERTv2-base,E0,123
في انتظار السحب النقدي,67,0.9272727272727272,0.7285714285714285,0.816,70.0,AraBERT_E0_seed_123,AraBERT_E0_seed_123,AraBERTv2-base,E0,123
فيزا أو ماستر كارد,68,0.8571428571428571,0.8780487804878049,0.8674698795180723,41.0,AraBERT_E0_seed_123,AraBERT_E0_seed_123,AraBERTv2-base,E0,123
قبول البطاقة,69,0.7209302325581395,0.775,0.7469879518072289,40.0,AraBERT_E0_seed_123,AraBERT_E0_seed_123,AraBERTv2-base,E0,123
لم يتم تحديث الرصيد بعد التحويل المصرفي,70,0.4415584415584415,0.7083333333333334,0.544,48.0,AraBERT_E0_seed_123,AraBERT_E0_seed_123,AraBERTv2-base,E0,123
لم يتم تحديث الرصيد بعد الشيك أو الإيداع النقدي,71,0.84375,0.675,0.75,40.0,AraBERT_E0_seed_123,AraBERT_E0_seed_123,AraBERTv2-base,E0,123
لم يستلم المستلم التحويل,72,0.5833333333333334,0.7608695652173914,0.660377358490566,46.0,AraBERT_E0_seed_123,AraBERT_E0_seed_123,AraBERTv2-base,E0,123
لماذا التحقق من الهوية,73,0.5652173913043478,0.6341463414634146,0.5977011494252874,41.0,AraBERT_E0_seed_123,AraBERT_E0_seed_123,AraBERTv2-base,E0,123
نسيان رمز المرور,74,0.8292682926829268,0.85,0.8395061728395061,40.0,AraBERT_E0_seed_123,AraBERT_E0_seed_123,AraBERTv2-base,E0,123
نقل إلى الحساب,75,0.7101449275362319,0.8305084745762712,0.765625,59.0,AraBERT_E0_seed_123,AraBERT_E0_seed_123,AraBERTv2-base,E0,123
وصول البطاقة,76,0.6071428571428571,0.8292682926829268,0.7010309278350515,41.0,AraBERT_E0_seed_123,AraBERT_E0_seed_123,AraBERTv2-base,E0,123
آبل باي أو جوجل باي,0,0.8636363636363636,0.9047619047619048,0.8837209302325582,42.0,AraBERT_E0_seed_2026,AraBERT_E0_seed_2026,AraBERTv2-base,E0,2026
إرجاع الدفع بالبطاقة؟,1,0.4722222222222222,0.7391304347826086,0.576271186440678,46.0,AraBERT_E0_seed_2026,AraBERT_E0_seed_2026,AraBERTv2-base,E0,2026
إعادة الشحن عن طريق رسوم التحويل المصرفي,2,0.7659574468085106,0.6792452830188679,0.72,53.0,AraBERT_E0_seed_2026,AraBERT_E0_seed_2026,AraBERTv2-base,E0,2026
إلغاء التحويل,3,0.8571428571428571,0.9,0.8780487804878049,40.0,AraBERT_E0_seed_2026,AraBERT_E0_seed_2026,AraBERTv2-base,E0,2026
ابتلاع البطاقة,4,0.9117647058823528,0.775,0.8378378378378378,40.0,AraBERT_E0_seed_2026,AraBERT_E0_seed_2026,AraBERTv2-base,E0,2026
استرداد الأموال غير مرئي,5,0.7575757575757576,0.625,0.684931506849315,40.0,AraBERT_E0_seed_2026,AraBERT_E0_seed_2026,AraBERTv2-base,E0,2026
البطاقات والعملات المدعومة,6,0.7435897435897436,0.6744186046511628,0.7073170731707317,43.0,AraBERT_E0_seed_2026,AraBERT_E0_seed_2026,AraBERTv2-base,E0,2026
البطاقة الافتراضية لا تعمل,7,0.9130434782608696,0.4772727272727273,0.6268656716417911,44.0,AraBERT_E0_seed_2026,AraBERT_E0_seed_2026,AraBERTv2-base,E0,2026
البطاقة المفقودة أو المسروقة,8,0.8181818181818182,0.6792452830188679,0.7422680412371134,53.0,AraBERT_E0_seed_2026,AraBERT_E0_seed_2026,AraBERTv2-base,E0,2026
البطاقة لا تعمل,9,0.532258064516129,0.825,0.6470588235294118,40.0,AraBERT_E0_seed_2026,AraBERT_E0_seed_2026,AraBERTv2-base,E0,2026
التحقق من مصدر الأموال,10,0.9111111111111112,0.8541666666666666,0.8817204301075269,48.0,AraBERT_E0_seed_2026,AraBERT_E0_seed_2026,AraBERTv2-base,E0,2026
التعبئة عن طريق البطاقة,11,0.4901960784313725,0.5208333333333334,0.5050505050505051,48.0,AraBERT_E0_seed_2026,AraBERT_E0_seed_2026,AraBERTv2-base,E0,2026
التعبئة عن طريق شحن البطاقة,12,0.8333333333333334,0.8333333333333334,0.8333333333333334,42.0,AraBERT_E0_seed_2026,AraBERT_E0_seed_2026,AraBERTv2-base,E0,2026
الحصول على بطاقة احتياطية,13,0.7727272727272727,0.85,0.8095238095238095,40.0,AraBERT_E0_seed_2026,AraBERT_E0_seed_2026,AraBERTv2-base,E0,2026
الحصول على بطاقة افتراضية,14,0.5892857142857143,0.717391304347826,0.6470588235294118,46.0,AraBERT_E0_seed_2026,AraBERT_E0_seed_2026,AraBERTv2-base,E0,2026
الحصول على بطاقة افتراضية يمكن التخلص منها,15,0.6666666666666666,0.3333333333333333,0.4444444444444444,54.0,AraBERT_E0_seed_2026,AraBERT_E0_seed_2026,AraBERTv2-base,E0,2026
الحصول على بطاقة فعلية,16,0.8205128205128205,0.8,0.810126582278481,40.0,AraBERT_E0_seed_2026,AraBERT_E0_seed_2026,AraBERTv2-base,E0,2026
الدفع المباشر للدين غير معروف,17,0.8536585365853658,0.6862745098039216,0.7608695652173914,51.0,AraBERT_E0_seed_2026,AraBERT_E0_seed_2026,AraBERTv2-base,E0,2026
الدفع بالبطاقة المعلق,18,0.8421052631578947,0.6037735849056604,0.7032967032967034,53.0,AraBERT_E0_seed_2026,AraBERT_E0_seed_2026,AraBERTv2-base,E0,2026
الدفع بالبطاقة غير معترف به,19,0.5116279069767442,0.55,0.5301204819277109,40.0,AraBERT_E0_seed_2026,AraBERT_E0_seed_2026,AraBERTv2-base,E0,2026
السحب النقدي غير معترف به,20,0.6458333333333334,0.7560975609756098,0.6966292134831461,41.0,AraBERT_E0_seed_2026,AraBERT_E0_seed_2026,AraBERTv2-base,E0,2026
الصرف عبر التطبيق,21,0.8333333333333334,0.75,0.7894736842105263,40.0,AraBERT_E0_seed_2026,AraBERT_E0_seed_2026,AraBERTv2-base,E0,2026
المستفيد غير مسموح به,22,0.75,0.7058823529411765,0.7272727272727273,51.0,AraBERT_E0_seed_2026,AraBERT_E0_seed_2026,AraBERTv2-base,E0,2026
الهاتف المفقود أو المسروق,23,0.7169811320754716,0.926829268292683,0.8085106382978723,41.0,AraBERT_E0_seed_2026,AraBERT_E0_seed_2026,AraBERTv2-base,E0,2026
انتظار التحويل,24,0.5789473684210527,0.5238095238095238,0.55,42.0,AraBERT_E0_seed_2026,AraBERT_E0_seed_2026,AraBERTv2-base,E0,2026
انهاء حساب,25,0.8888888888888888,0.835820895522388,0.8615384615384616,67.0,AraBERT_E0_seed_2026,AraBERT_E0_seed_2026,AraBERTv2-base,E0,2026
بطاقة على وشك الانتهاء,26,0.9,0.8571428571428571,0.8780487804878049,42.0,AraBERT_E0_seed_2026,AraBERT_E0_seed_2026,AraBERTv2-base,E0,2026
بطاقة مخترقة,27,0.7666666666666667,0.575,0.6571428571428571,40.0,AraBERT_E0_seed_2026,AraBERT_E0_seed_2026,AraBERTv2-base,E0,2026
تحرير التفاصيل الشخصية,28,0.851063829787234,0.8888888888888888,0.8695652173913043,45.0,AraBERT_E0_seed_2026,AraBERT_E0_seed_2026,AraBERTv2-base,E0,2026
تحصيل رسوم التحويل,29,0.5892857142857143,0.825,0.6875,40.0,AraBERT_E0_seed_2026,AraBERT_E0_seed_2026,AraBERTv2-base,E0,2026
تحقق من تعبئة الرصيد,30,0.8809523809523809,0.8409090909090909,0.8604651162790697,44.0,AraBERT_E0_seed_2026,AraBERT_E0_seed_2026,AraBERTv2-base,E0,2026
تحقق من هويتي,31,0.68,0.85,0.7555555555555555,40.0,AraBERT_E0_seed_2026,AraBERT_E0_seed_2026,AraBERTv2-base,E0,2026
تعبئة الرصيد نقدًا أو بشيك,32,0.75,0.532258064516129,0.6226415094339622,62.0,AraBERT_E0_seed_2026,AraBERT_E0_seed_2026,AraBERTv2-base,E0,2026
تعبئة تلقائية,33,0.8412698412698413,0.8688524590163934,0.8548387096774194,61.0,AraBERT_E0_seed_2026,AraBERT_E0_seed_2026,AraBERTv2-base,E0,2026
تغيير رمز التعريف الشخصي,34,0.9565217391304348,0.88,0.9166666666666666,50.0,AraBERT_E0_seed_2026,AraBERT_E0_seed_2026,AraBERTv2-base,E0,2026
تفعيل بطاقتي,35,0.8787878787878788,0.6590909090909091,0.7532467532467533,44.0,AraBERT_E0_seed_2026,AraBERT_E0_seed_2026,AraBERTv2-base,E0,2026
تقدير تسليم البطاقة,36,0.725,0.6904761904761905,0.7073170731707317,42.0,AraBERT_E0_seed_2026,AraBERT_E0_seed_2026,AraBERTv2-base,E0,2026
تلقي الأموال,37,0.7592592592592593,0.7735849056603774,0.7663551401869159,53.0,AraBERT_E0_seed_2026,AraBERT_E0_seed_2026,AraBERTv2-base,E0,2026
تلقي مبلغ خاطئ من النقد,38,0.9148936170212766,0.8269230769230769,0.8686868686868687,52.0,AraBERT_E0_seed_2026,AraBERT_E0_seed_2026,AraBERTv2-base,E0,2026
تم التحصيل مرتين,39,0.8727272727272727,0.9056603773584906,0.8888888888888888,53.0,AraBERT_E0_seed_2026,AraBERT_E0_seed_2026,AraBERTv2-base,E0,2026
تم تحصيل رسوم الدفع بالبطاقة,40,0.7352941176470589,0.8064516129032258,0.7692307692307693,62.0,AraBERT_E0_seed_2026,AraBERT_E0_seed_2026,AraBERTv2-base,E0,2026
تم رفض الدفع بالبطاقة,41,0.7391304347826086,0.425,0.5396825396825397,40.0,AraBERT_E0_seed_2026,AraBERT_E0_seed_2026,AraBERTv2-base,E0,2026
توقيت التحويل,42,0.6470588235294118,0.825,0.7252747252747253,40.0,AraBERT_E0_seed_2026,AraBERT_E0_seed_2026,AraBERTv2-base,E0,2026
حد السن,43,0.8571428571428571,0.9333333333333332,0.8936170212765957,45.0,AraBERT_E0_seed_2026,AraBERT_E0_seed_2026,AraBERTv2-base,E0,2026
حدود البطاقة التي يمكن التخلص منها,44,0.7959183673469388,0.8125,0.8041237113402062,48.0,AraBERT_E0_seed_2026,AraBERT_E0_seed_2026,AraBERTv2-base,E0,2026
حدود التعبئة,45,0.8461538461538461,0.8301886792452831,0.8380952380952381,53.0,AraBERT_E0_seed_2026,AraBERT_E0_seed_2026,AraBERTv2-base,E0,2026
دعم أجهزة الصراف الآلي,46,0.7708333333333334,0.902439024390244,0.8314606741573034,41.0,AraBERT_E0_seed_2026,AraBERT_E0_seed_2026,AraBERTv2-base,E0,2026
دعم البلد,47,0.9487179487179488,0.925,0.9367088607594936,40.0,AraBERT_E0_seed_2026,AraBERT_E0_seed_2026,AraBERTv2-base,E0,2026
دعم العملات الورقية,48,0.6,0.7333333333333333,0.66,45.0,AraBERT_E0_seed_2026,AraBERT_E0_seed_2026,AraBERTv2-base,E0,2026
ربط البطاقة,49,0.7575757575757576,0.925925925925926,0.8333333333333334,54.0,AraBERT_E0_seed_2026,AraBERT_E0_seed_2026,AraBERTv2-base,E0,2026
رسوم إضافية على كشف الحساب,50,0.8333333333333334,0.75,0.7894736842105263,40.0,AraBERT_E0_seed_2026,AraBERT_E0_seed_2026,AraBERTv2-base,E0,2026
رسوم السحب النقدي,51,0.7380952380952381,0.7209302325581395,0.7294117647058823,43.0,AraBERT_E0_seed_2026,AraBERT_E0_seed_2026,AraBERTv2-base,E0,2026
رسوم الصرف,52,0.8571428571428571,0.5454545454545454,0.6666666666666666,44.0,AraBERT_E0_seed_2026,AraBERT_E0_seed_2026,AraBERTv2-base,E0,2026
رفض التحويل,53,0.8,0.5333333333333333,0.64,45.0,AraBERT_E0_seed_2026,AraBERT_E0_seed_2026,AraBERTv2-base,E0,2026
رفض السحب النقدي,54,0.8292682926829268,0.723404255319149,0.7727272727272727,47.0,AraBERT_E0_seed_2026,AraBERT_E0_seed_2026,AraBERTv2-base,E0,2026
رمز التعريف الشخصي محظور,55,0.7777777777777778,0.7,0.7368421052631579,40.0,AraBERT_E0_seed_2026,AraBERT_E0_seed_2026,AraBERTv2-base,E0,2026
سعر الصرف,56,0.8571428571428571,0.9,0.8780487804878049,40.0,AraBERT_E0_seed_2026,AraBERT_E0_seed_2026,AraBERTv2-base,E0,2026
سعر الصرف الخاطئ للدفع بالبطاقة,57,0.8627450980392157,0.7857142857142857,0.822429906542056,56.0,AraBERT_E0_seed_2026,AraBERT_E0_seed_2026,AraBERTv2-base,E0,2026
سعر صرف خاطئ للسحب النقدي,58,0.8378378378378378,0.7380952380952381,0.7848101265822784,42.0,AraBERT_E0_seed_2026,AraBERT_E0_seed_2026,AraBERTv2-base,E0,2026
طلب استرداد,59,0.8275862068965517,0.6,0.6956521739130435,40.0,AraBERT_E0_seed_2026,AraBERT_E0_seed_2026,AraBERTv2-base,E0,2026
طلب بطاقة فعلية,60,0.5915492957746479,0.75,0.6614173228346457,56.0,AraBERT_E0_seed_2026,AraBERT_E0_seed_2026,AraBERTv2-base,E0,2026
عادت تعبئة الرصيد,61,0.5306122448979592,0.6190476190476191,0.5714285714285714,42.0,AraBERT_E0_seed_2026,AraBERT_E0_seed_2026,AraBERTv2-base,E0,2026
عدم التلامس لا يعمل,62,0.975,0.8297872340425532,0.896551724137931,47.0,AraBERT_E0_seed_2026,AraBERT_E0_seed_2026,AraBERTv2-base,E0,2026
غير قادر على التحقق من الهوية,63,0.8484848484848485,0.6829268292682927,0.7567567567567568,41.0,AraBERT_E0_seed_2026,AraBERT_E0_seed_2026,AraBERTv2-base,E0,2026
فشل التحويل,64,0.7105263157894737,0.4736842105263157,0.5684210526315789,57.0,AraBERT_E0_seed_2026,AraBERT_E0_seed_2026,AraBERTv2-base,E0,2026
فشل التعبئة,65,0.6585365853658537,0.5625,0.6067415730337079,48.0,AraBERT_E0_seed_2026,AraBERT_E0_seed_2026,AraBERTv2-base,E0,2026
في انتظار التعبئة,66,0.5862068965517241,0.7846153846153846,0.6710526315789473,65.0,AraBERT_E0_seed_2026,AraBERT_E0_seed_2026,AraBERTv2-base,E0,2026
في انتظار السحب النقدي,67,0.8484848484848485,0.8,0.8235294117647058,70.0,AraBERT_E0_seed_2026,AraBERT_E0_seed_2026,AraBERTv2-base,E0,2026
فيزا أو ماستر كارد,68,0.925,0.902439024390244,0.9135802469135802,41.0,AraBERT_E0_seed_2026,AraBERT_E0_seed_2026,AraBERTv2-base,E0,2026
قبول البطاقة,69,0.8108108108108109,0.75,0.7792207792207793,40.0,AraBERT_E0_seed_2026,AraBERT_E0_seed_2026,AraBERTv2-base,E0,2026
لم يتم تحديث الرصيد بعد التحويل المصرفي,70,0.5294117647058824,0.75,0.6206896551724138,48.0,AraBERT_E0_seed_2026,AraBERT_E0_seed_2026,AraBERTv2-base,E0,2026
لم يتم تحديث الرصيد بعد الشيك أو الإيداع النقدي,71,0.84375,0.675,0.75,40.0,AraBERT_E0_seed_2026,AraBERT_E0_seed_2026,AraBERTv2-base,E0,2026
لم يستلم المستلم التحويل,72,0.5135135135135135,0.8260869565217391,0.6333333333333333,46.0,AraBERT_E0_seed_2026,AraBERT_E0_seed_2026,AraBERTv2-base,E0,2026
لماذا التحقق من الهوية,73,0.6511627906976745,0.6829268292682927,0.6666666666666666,41.0,AraBERT_E0_seed_2026,AraBERT_E0_seed_2026,AraBERTv2-base,E0,2026
نسيان رمز المرور,74,0.8717948717948718,0.85,0.8607594936708861,40.0,AraBERT_E0_seed_2026,AraBERT_E0_seed_2026,AraBERTv2-base,E0,2026
نقل إلى الحساب,75,0.6538461538461539,0.864406779661017,0.7445255474452555,59.0,AraBERT_E0_seed_2026,AraBERT_E0_seed_2026,AraBERTv2-base,E0,2026
وصول البطاقة,76,0.4931506849315068,0.8780487804878049,0.631578947368421,41.0,AraBERT_E0_seed_2026,AraBERT_E0_seed_2026,AraBERTv2-base,E0,2026
آبل باي أو جوجل باي,0,0.7755102040816326,0.9047619047619048,0.8351648351648352,42.0,AraBERT_E1_seed_42,AraBERT_E1_seed_42,AraBERTv2-base,E1,42
إرجاع الدفع بالبطاقة؟,1,0.4545454545454545,0.7608695652173914,0.5691056910569106,46.0,AraBERT_E1_seed_42,AraBERT_E1_seed_42,AraBERTv2-base,E1,42
إعادة الشحن عن طريق رسوم التحويل المصرفي,2,0.660377358490566,0.660377358490566,0.660377358490566,53.0,AraBERT_E1_seed_42,AraBERT_E1_seed_42,AraBERTv2-base,E1,42
إلغاء التحويل,3,0.875,0.875,0.875,40.0,AraBERT_E1_seed_42,AraBERT_E1_seed_42,AraBERTv2-base,E1,42
ابتلاع البطاقة,4,0.875,0.7,0.7777777777777778,40.0,AraBERT_E1_seed_42,AraBERT_E1_seed_42,AraBERTv2-base,E1,42
استرداد الأموال غير مرئي,5,0.9,0.675,0.7714285714285715,40.0,AraBERT_E1_seed_42,AraBERT_E1_seed_42,AraBERTv2-base,E1,42
البطاقات والعملات المدعومة,6,0.6862745098039216,0.813953488372093,0.7446808510638298,43.0,AraBERT_E1_seed_42,AraBERT_E1_seed_42,AraBERTv2-base,E1,42
البطاقة الافتراضية لا تعمل,7,0.9473684210526316,0.4090909090909091,0.5714285714285714,44.0,AraBERT_E1_seed_42,AraBERT_E1_seed_42,AraBERTv2-base,E1,42
البطاقة المفقودة أو المسروقة,8,0.7631578947368421,0.5471698113207547,0.6373626373626373,53.0,AraBERT_E1_seed_42,AraBERT_E1_seed_42,AraBERTv2-base,E1,42
البطاقة لا تعمل,9,0.6140350877192983,0.875,0.7216494845360825,40.0,AraBERT_E1_seed_42,AraBERT_E1_seed_42,AraBERTv2-base,E1,42
التحقق من مصدر الأموال,10,0.9302325581395348,0.8333333333333334,0.8791208791208791,48.0,AraBERT_E1_seed_42,AraBERT_E1_seed_42,AraBERTv2-base,E1,42
التعبئة عن طريق البطاقة,11,0.6,0.4375,0.5060240963855421,48.0,AraBERT_E1_seed_42,AraBERT_E1_seed_42,AraBERTv2-base,E1,42
التعبئة عن طريق شحن البطاقة,12,0.868421052631579,0.7857142857142857,0.825,42.0,AraBERT_E1_seed_42,AraBERT_E1_seed_42,AraBERTv2-base,E1,42
الحصول على بطاقة احتياطية,13,0.6346153846153846,0.825,0.717391304347826,40.0,AraBERT_E1_seed_42,AraBERT_E1_seed_42,AraBERTv2-base,E1,42
الحصول على بطاقة افتراضية,14,0.5074626865671642,0.7391304347826086,0.6017699115044248,46.0,AraBERT_E1_seed_42,AraBERT_E1_seed_42,AraBERTv2-base,E1,42
الحصول على بطاقة افتراضية يمكن التخلص منها,15,0.5454545454545454,0.2222222222222222,0.3157894736842105,54.0,AraBERT_E1_seed_42,AraBERT_E1_seed_42,AraBERTv2-base,E1,42
الحصول على بطاقة فعلية,16,0.8095238095238095,0.85,0.8292682926829268,40.0,AraBERT_E1_seed_42,AraBERT_E1_seed_42,AraBERTv2-base,E1,42
الدفع المباشر للدين غير معروف,17,0.7142857142857143,0.6862745098039216,0.7,51.0,AraBERT_E1_seed_42,AraBERT_E1_seed_42,AraBERTv2-base,E1,42
الدفع بالبطاقة المعلق,18,0.7391304347826086,0.6415094339622641,0.6868686868686869,53.0,AraBERT_E1_seed_42,AraBERT_E1_seed_42,AraBERTv2-base,E1,42
الدفع بالبطاقة غير معترف به,19,0.4594594594594595,0.425,0.4415584415584415,40.0,AraBERT_E1_seed_42,AraBERT_E1_seed_42,AraBERTv2-base,E1,42
السحب النقدي غير معترف به,20,0.5925925925925926,0.7804878048780488,0.6736842105263158,41.0,AraBERT_E1_seed_42,AraBERT_E1_seed_42,AraBERTv2-base,E1,42
الصرف عبر التطبيق,21,0.7804878048780488,0.8,0.7901234567901234,40.0,AraBERT_E1_seed_42,AraBERT_E1_seed_42,AraBERTv2-base,E1,42
المستفيد غير مسموح به,22,0.68,0.6666666666666666,0.6732673267326733,51.0,AraBERT_E1_seed_42,AraBERT_E1_seed_42,AraBERTv2-base,E1,42
الهاتف المفقود أو المسروق,23,0.7608695652173914,0.8536585365853658,0.8045977011494253,41.0,AraBERT_E1_seed_42,AraBERT_E1_seed_42,AraBERTv2-base,E1,42
انتظار التحويل,24,0.696969696969697,0.5476190476190477,0.6133333333333333,42.0,AraBERT_E1_seed_42,AraBERT_E1_seed_42,AraBERTv2-base,E1,42
انهاء حساب,25,0.8461538461538461,0.8208955223880597,0.8333333333333334,67.0,AraBERT_E1_seed_42,AraBERT_E1_seed_42,AraBERTv2-base,E1,42
بطاقة على وشك الانتهاء,26,0.8947368421052632,0.8095238095238095,0.85,42.0,AraBERT_E1_seed_42,AraBERT_E1_seed_42,AraBERTv2-base,E1,42
بطاقة مخترقة,27,0.6285714285714286,0.55,0.5866666666666667,40.0,AraBERT_E1_seed_42,AraBERT_E1_seed_42,AraBERTv2-base,E1,42
تحرير التفاصيل الشخصية,28,0.82,0.9111111111111112,0.8631578947368421,45.0,AraBERT_E1_seed_42,AraBERT_E1_seed_42,AraBERTv2-base,E1,42
تحصيل رسوم التحويل,29,0.574468085106383,0.675,0.6206896551724138,40.0,AraBERT_E1_seed_42,AraBERT_E1_seed_42,AraBERTv2-base,E1,42
تحقق من تعبئة الرصيد,30,0.9230769230769232,0.8181818181818182,0.8674698795180723,44.0,AraBERT_E1_seed_42,AraBERT_E1_seed_42,AraBERTv2-base,E1,42
تحقق من هويتي,31,0.7619047619047619,0.8,0.7804878048780488,40.0,AraBERT_E1_seed_42,AraBERT_E1_seed_42,AraBERTv2-base,E1,42
تعبئة الرصيد نقدًا أو بشيك,32,0.6956521739130435,0.7741935483870968,0.732824427480916,62.0,AraBERT_E1_seed_42,AraBERT_E1_seed_42,AraBERTv2-base,E1,42
تعبئة تلقائية,33,0.8888888888888888,0.7868852459016393,0.8347826086956521,61.0,AraBERT_E1_seed_42,AraBERT_E1_seed_42,AraBERTv2-base,E1,42
تغيير رمز التعريف الشخصي,34,0.8936170212765957,0.84,0.865979381443299,50.0,AraBERT_E1_seed_42,AraBERT_E1_seed_42,AraBERTv2-base,E1,42
تفعيل بطاقتي,35,0.96,0.5454545454545454,0.6956521739130435,44.0,AraBERT_E1_seed_42,AraBERT_E1_seed_42,AraBERTv2-base,E1,42
تقدير تسليم البطاقة,36,0.7317073170731707,0.7142857142857143,0.7228915662650602,42.0,AraBERT_E1_seed_42,AraBERT_E1_seed_42,AraBERTv2-base,E1,42
تلقي الأموال,37,0.734375,0.8867924528301887,0.8034188034188035,53.0,AraBERT_E1_seed_42,AraBERT_E1_seed_42,AraBERTv2-base,E1,42
تلقي مبلغ خاطئ من النقد,38,0.8333333333333334,0.8653846153846154,0.8490566037735849,52.0,AraBERT_E1_seed_42,AraBERT_E1_seed_42,AraBERTv2-base,E1,42
تم التحصيل مرتين,39,0.8596491228070176,0.9245283018867924,0.8909090909090909,53.0,AraBERT_E1_seed_42,AraBERT_E1_seed_42,AraBERTv2-base,E1,42
تم تحصيل رسوم الدفع بالبطاقة,40,0.6712328767123288,0.7903225806451613,0.725925925925926,62.0,AraBERT_E1_seed_42,AraBERT_E1_seed_42,AraBERTv2-base,E1,42
تم رفض الدفع بالبطاقة,41,0.625,0.5,0.5555555555555556,40.0,AraBERT_E1_seed_42,AraBERT_E1_seed_42,AraBERTv2-base,E1,42
توقيت التحويل,42,0.5964912280701754,0.85,0.7010309278350515,40.0,AraBERT_E1_seed_42,AraBERT_E1_seed_42,AraBERTv2-base,E1,42
حد السن,43,0.8571428571428571,0.9333333333333332,0.8936170212765957,45.0,AraBERT_E1_seed_42,AraBERT_E1_seed_42,AraBERTv2-base,E1,42
حدود البطاقة التي يمكن التخلص منها,44,0.7659574468085106,0.75,0.7578947368421053,48.0,AraBERT_E1_seed_42,AraBERT_E1_seed_42,AraBERTv2-base,E1,42
حدود التعبئة,45,0.8148148148148148,0.8301886792452831,0.822429906542056,53.0,AraBERT_E1_seed_42,AraBERT_E1_seed_42,AraBERTv2-base,E1,42
دعم أجهزة الصراف الآلي,46,0.8636363636363636,0.926829268292683,0.8941176470588236,41.0,AraBERT_E1_seed_42,AraBERT_E1_seed_42,AraBERTv2-base,E1,42
دعم البلد,47,0.9487179487179488,0.925,0.9367088607594936,40.0,AraBERT_E1_seed_42,AraBERT_E1_seed_42,AraBERTv2-base,E1,42
دعم العملات الورقية,48,0.7045454545454546,0.6888888888888889,0.6966292134831461,45.0,AraBERT_E1_seed_42,AraBERT_E1_seed_42,AraBERTv2-base,E1,42
ربط البطاقة,49,0.6447368421052632,0.9074074074074074,0.7538461538461538,54.0,AraBERT_E1_seed_42,AraBERT_E1_seed_42,AraBERTv2-base,E1,42
رسوم إضافية على كشف الحساب,50,0.7045454545454546,0.775,0.7380952380952381,40.0,AraBERT_E1_seed_42,AraBERT_E1_seed_42,AraBERTv2-base,E1,42
رسوم السحب النقدي,51,0.6590909090909091,0.6744186046511628,0.6666666666666666,43.0,AraBERT_E1_seed_42,AraBERT_E1_seed_42,AraBERTv2-base,E1,42
رسوم الصرف,52,0.9230769230769232,0.5454545454545454,0.6857142857142857,44.0,AraBERT_E1_seed_42,AraBERT_E1_seed_42,AraBERTv2-base,E1,42
رفض التحويل,53,0.9,0.4,0.5538461538461539,45.0,AraBERT_E1_seed_42,AraBERT_E1_seed_42,AraBERTv2-base,E1,42
رفض السحب النقدي,54,0.8108108108108109,0.6382978723404256,0.7142857142857143,47.0,AraBERT_E1_seed_42,AraBERT_E1_seed_42,AraBERTv2-base,E1,42
رمز التعريف الشخصي محظور,55,0.84375,0.675,0.75,40.0,AraBERT_E1_seed_42,AraBERT_E1_seed_42,AraBERTv2-base,E1,42
سعر الصرف,56,0.8536585365853658,0.875,0.8641975308641975,40.0,AraBERT_E1_seed_42,AraBERT_E1_seed_42,AraBERTv2-base,E1,42
سعر الصرف الخاطئ للدفع بالبطاقة,57,0.7666666666666667,0.8214285714285714,0.7931034482758621,56.0,AraBERT_E1_seed_42,AraBERT_E1_seed_42,AraBERTv2-base,E1,42
سعر صرف خاطئ للسحب النقدي,58,0.8076923076923077,0.5,0.6176470588235294,42.0,AraBERT_E1_seed_42,AraBERT_E1_seed_42,AraBERTv2-base,E1,42
طلب استرداد,59,0.8378378378378378,0.775,0.8051948051948052,40.0,AraBERT_E1_seed_42,AraBERT_E1_seed_42,AraBERTv2-base,E1,42
طلب بطاقة فعلية,60,0.5324675324675324,0.7321428571428571,0.6165413533834586,56.0,AraBERT_E1_seed_42,AraBERT_E1_seed_42,AraBERTv2-base,E1,42
عادت تعبئة الرصيد,61,0.6410256410256411,0.5952380952380952,0.6172839506172839,42.0,AraBERT_E1_seed_42,AraBERT_E1_seed_42,AraBERTv2-base,E1,42
عدم التلامس لا يعمل,62,0.9487179487179488,0.7872340425531915,0.8604651162790697,47.0,AraBERT_E1_seed_42,AraBERT_E1_seed_42,AraBERTv2-base,E1,42
غير قادر على التحقق من الهوية,63,0.8333333333333334,0.7317073170731707,0.7792207792207793,41.0,AraBERT_E1_seed_42,AraBERT_E1_seed_42,AraBERTv2-base,E1,42
فشل التحويل,64,0.75,0.4736842105263157,0.5806451612903226,57.0,AraBERT_E1_seed_42,AraBERT_E1_seed_42,AraBERTv2-base,E1,42
فشل التعبئة,65,0.6511627906976745,0.5833333333333334,0.6153846153846154,48.0,AraBERT_E1_seed_42,AraBERT_E1_seed_42,AraBERTv2-base,E1,42
في انتظار التعبئة,66,0.5416666666666666,0.8,0.6459627329192547,65.0,AraBERT_E1_seed_42,AraBERT_E1_seed_42,AraBERTv2-base,E1,42
في انتظار السحب النقدي,67,0.9482758620689656,0.7857142857142857,0.859375,70.0,AraBERT_E1_seed_42,AraBERT_E1_seed_42,AraBERTv2-base,E1,42
فيزا أو ماستر كارد,68,0.8536585365853658,0.8536585365853658,0.8536585365853658,41.0,AraBERT_E1_seed_42,AraBERT_E1_seed_42,AraBERTv2-base,E1,42
قبول البطاقة,69,0.8,0.7,0.7466666666666667,40.0,AraBERT_E1_seed_42,AraBERT_E1_seed_42,AraBERTv2-base,E1,42
لم يتم تحديث الرصيد بعد التحويل المصرفي,70,0.5223880597014925,0.7291666666666666,0.6086956521739131,48.0,AraBERT_E1_seed_42,AraBERT_E1_seed_42,AraBERTv2-base,E1,42
لم يتم تحديث الرصيد بعد الشيك أو الإيداع النقدي,71,0.92,0.575,0.7076923076923077,40.0,AraBERT_E1_seed_42,AraBERT_E1_seed_42,AraBERTv2-base,E1,42
لم يستلم المستلم التحويل,72,0.6271186440677966,0.8043478260869565,0.7047619047619048,46.0,AraBERT_E1_seed_42,AraBERT_E1_seed_42,AraBERTv2-base,E1,42
لماذا التحقق من الهوية,73,0.6521739130434783,0.7317073170731707,0.6896551724137931,41.0,AraBERT_E1_seed_42,AraBERT_E1_seed_42,AraBERTv2-base,E1,42
نسيان رمز المرور,74,0.9166666666666666,0.825,0.868421052631579,40.0,AraBERT_E1_seed_42,AraBERT_E1_seed_42,AraBERTv2-base,E1,42
نقل إلى الحساب,75,0.6986301369863014,0.864406779661017,0.7727272727272727,59.0,AraBERT_E1_seed_42,AraBERT_E1_seed_42,AraBERTv2-base,E1,42
وصول البطاقة,76,0.515625,0.8048780487804879,0.6285714285714286,41.0,AraBERT_E1_seed_42,AraBERT_E1_seed_42,AraBERTv2-base,E1,42
آبل باي أو جوجل باي,0,0.902439024390244,0.8809523809523809,0.891566265060241,42.0,AraBERT_E1_seed_123,AraBERT_E1_seed_123,AraBERTv2-base,E1,123
إرجاع الدفع بالبطاقة؟,1,0.4675324675324675,0.782608695652174,0.5853658536585366,46.0,AraBERT_E1_seed_123,AraBERT_E1_seed_123,AraBERTv2-base,E1,123
إعادة الشحن عن طريق رسوم التحويل المصرفي,2,0.7169811320754716,0.7169811320754716,0.7169811320754716,53.0,AraBERT_E1_seed_123,AraBERT_E1_seed_123,AraBERTv2-base,E1,123
إلغاء التحويل,3,0.75,0.9,0.8181818181818182,40.0,AraBERT_E1_seed_123,AraBERT_E1_seed_123,AraBERTv2-base,E1,123
ابتلاع البطاقة,4,0.9230769230769232,0.6,0.7272727272727273,40.0,AraBERT_E1_seed_123,AraBERT_E1_seed_123,AraBERTv2-base,E1,123
استرداد الأموال غير مرئي,5,0.8387096774193549,0.65,0.7323943661971831,40.0,AraBERT_E1_seed_123,AraBERT_E1_seed_123,AraBERTv2-base,E1,123
البطاقات والعملات المدعومة,6,0.6530612244897959,0.7441860465116279,0.6956521739130435,43.0,AraBERT_E1_seed_123,AraBERT_E1_seed_123,AraBERTv2-base,E1,123
البطاقة الافتراضية لا تعمل,7,0.9375,0.3409090909090909,0.5,44.0,AraBERT_E1_seed_123,AraBERT_E1_seed_123,AraBERTv2-base,E1,123
البطاقة المفقودة أو المسروقة,8,0.7954545454545454,0.660377358490566,0.7216494845360825,53.0,AraBERT_E1_seed_123,AraBERT_E1_seed_123,AraBERTv2-base,E1,123
البطاقة لا تعمل,9,0.4925373134328358,0.825,0.616822429906542,40.0,AraBERT_E1_seed_123,AraBERT_E1_seed_123,AraBERTv2-base,E1,123
التحقق من مصدر الأموال,10,0.9487179487179488,0.7708333333333334,0.8505747126436781,48.0,AraBERT_E1_seed_123,AraBERT_E1_seed_123,AraBERTv2-base,E1,123
التعبئة عن طريق البطاقة,11,0.53125,0.3541666666666667,0.425,48.0,AraBERT_E1_seed_123,AraBERT_E1_seed_123,AraBERTv2-base,E1,123
التعبئة عن طريق شحن البطاقة,12,0.782608695652174,0.8571428571428571,0.8181818181818182,42.0,AraBERT_E1_seed_123,AraBERT_E1_seed_123,AraBERTv2-base,E1,123
الحصول على بطاقة احتياطية,13,0.576271186440678,0.85,0.6868686868686869,40.0,AraBERT_E1_seed_123,AraBERT_E1_seed_123,AraBERTv2-base,E1,123
الحصول على بطاقة افتراضية,14,0.5689655172413793,0.717391304347826,0.6346153846153846,46.0,AraBERT_E1_seed_123,AraBERT_E1_seed_123,AraBERTv2-base,E1,123
الحصول على بطاقة افتراضية يمكن التخلص منها,15,0.6428571428571429,0.1666666666666666,0.2647058823529412,54.0,AraBERT_E1_seed_123,AraBERT_E1_seed_123,AraBERTv2-base,E1,123
الحصول على بطاقة فعلية,16,0.8205128205128205,0.8,0.810126582278481,40.0,AraBERT_E1_seed_123,AraBERT_E1_seed_123,AraBERTv2-base,E1,123
الدفع المباشر للدين غير معروف,17,0.7777777777777778,0.6862745098039216,0.7291666666666666,51.0,AraBERT_E1_seed_123,AraBERT_E1_seed_123,AraBERTv2-base,E1,123
الدفع بالبطاقة المعلق,18,0.7804878048780488,0.6037735849056604,0.6808510638297872,53.0,AraBERT_E1_seed_123,AraBERT_E1_seed_123,AraBERTv2-base,E1,123
الدفع بالبطاقة غير معترف به,19,0.5294117647058824,0.45,0.4864864864864865,40.0,AraBERT_E1_seed_123,AraBERT_E1_seed_123,AraBERTv2-base,E1,123
السحب النقدي غير معترف به,20,0.6346153846153846,0.8048780487804879,0.7096774193548387,41.0,AraBERT_E1_seed_123,AraBERT_E1_seed_123,AraBERTv2-base,E1,123
الصرف عبر التطبيق,21,0.6530612244897959,0.8,0.7191011235955056,40.0,AraBERT_E1_seed_123,AraBERT_E1_seed_123,AraBERTv2-base,E1,123
المستفيد غير مسموح به,22,0.723404255319149,0.6666666666666666,0.6938775510204082,51.0,AraBERT_E1_seed_123,AraBERT_E1_seed_123,AraBERTv2-base,E1,123
الهاتف المفقود أو المسروق,23,0.868421052631579,0.8048780487804879,0.8354430379746836,41.0,AraBERT_E1_seed_123,AraBERT_E1_seed_123,AraBERTv2-base,E1,123
انتظار التحويل,24,0.85,0.4047619047619047,0.5483870967741935,42.0,AraBERT_E1_seed_123,AraBERT_E1_seed_123,AraBERTv2-base,E1,123
انهاء حساب,25,0.821917808219178,0.8955223880597015,0.8571428571428571,67.0,AraBERT_E1_seed_123,AraBERT_E1_seed_123,AraBERTv2-base,E1,123
بطاقة على وشك الانتهاء,26,0.8372093023255814,0.8571428571428571,0.8470588235294118,42.0,AraBERT_E1_seed_123,AraBERT_E1_seed_123,AraBERTv2-base,E1,123
بطاقة مخترقة,27,0.6774193548387096,0.525,0.5915492957746479,40.0,AraBERT_E1_seed_123,AraBERT_E1_seed_123,AraBERTv2-base,E1,123
تحرير التفاصيل الشخصية,28,0.8888888888888888,0.8888888888888888,0.8888888888888888,45.0,AraBERT_E1_seed_123,AraBERT_E1_seed_123,AraBERTv2-base,E1,123
تحصيل رسوم التحويل,29,0.5957446808510638,0.7,0.6436781609195402,40.0,AraBERT_E1_seed_123,AraBERT_E1_seed_123,AraBERTv2-base,E1,123
تحقق من تعبئة الرصيد,30,0.9534883720930232,0.9318181818181818,0.942528735632184,44.0,AraBERT_E1_seed_123,AraBERT_E1_seed_123,AraBERTv2-base,E1,123
تحقق من هويتي,31,0.7619047619047619,0.8,0.7804878048780488,40.0,AraBERT_E1_seed_123,AraBERT_E1_seed_123,AraBERTv2-base,E1,123
تعبئة الرصيد نقدًا أو بشيك,32,0.7419354838709677,0.7419354838709677,0.7419354838709677,62.0,AraBERT_E1_seed_123,AraBERT_E1_seed_123,AraBERTv2-base,E1,123
تعبئة تلقائية,33,0.8360655737704918,0.8360655737704918,0.8360655737704918,61.0,AraBERT_E1_seed_123,AraBERT_E1_seed_123,AraBERTv2-base,E1,123
تغيير رمز التعريف الشخصي,34,0.9565217391304348,0.88,0.9166666666666666,50.0,AraBERT_E1_seed_123,AraBERT_E1_seed_123,AraBERTv2-base,E1,123
تفعيل بطاقتي,35,0.9655172413793104,0.6363636363636364,0.7671232876712328,44.0,AraBERT_E1_seed_123,AraBERT_E1_seed_123,AraBERTv2-base,E1,123
تقدير تسليم البطاقة,36,0.7297297297297297,0.6428571428571429,0.6835443037974683,42.0,AraBERT_E1_seed_123,AraBERT_E1_seed_123,AraBERTv2-base,E1,123
تلقي الأموال,37,0.8,0.7547169811320755,0.7766990291262136,53.0,AraBERT_E1_seed_123,AraBERT_E1_seed_123,AraBERTv2-base,E1,123
تلقي مبلغ خاطئ من النقد,38,0.647887323943662,0.8846153846153846,0.7479674796747967,52.0,AraBERT_E1_seed_123,AraBERT_E1_seed_123,AraBERTv2-base,E1,123
تم التحصيل مرتين,39,0.8032786885245902,0.9245283018867924,0.8596491228070176,53.0,AraBERT_E1_seed_123,AraBERT_E1_seed_123,AraBERTv2-base,E1,123
تم تحصيل رسوم الدفع بالبطاقة,40,0.746031746031746,0.7580645161290323,0.752,62.0,AraBERT_E1_seed_123,AraBERT_E1_seed_123,AraBERTv2-base,E1,123
تم رفض الدفع بالبطاقة,41,0.6666666666666666,0.5,0.5714285714285714,40.0,AraBERT_E1_seed_123,AraBERT_E1_seed_123,AraBERTv2-base,E1,123
توقيت التحويل,42,0.5964912280701754,0.85,0.7010309278350515,40.0,AraBERT_E1_seed_123,AraBERT_E1_seed_123,AraBERTv2-base,E1,123
حد السن,43,0.8571428571428571,0.9333333333333332,0.8936170212765957,45.0,AraBERT_E1_seed_123,AraBERT_E1_seed_123,AraBERTv2-base,E1,123
حدود البطاقة التي يمكن التخلص منها,44,0.6964285714285714,0.8125,0.75,48.0,AraBERT_E1_seed_123,AraBERT_E1_seed_123,AraBERTv2-base,E1,123
حدود التعبئة,45,0.8333333333333334,0.8490566037735849,0.8411214953271028,53.0,AraBERT_E1_seed_123,AraBERT_E1_seed_123,AraBERTv2-base,E1,123
دعم أجهزة الصراف الآلي,46,0.902439024390244,0.902439024390244,0.902439024390244,41.0,AraBERT_E1_seed_123,AraBERT_E1_seed_123,AraBERTv2-base,E1,123
دعم البلد,47,0.925,0.925,0.925,40.0,AraBERT_E1_seed_123,AraBERT_E1_seed_123,AraBERTv2-base,E1,123
دعم العملات الورقية,48,0.7441860465116279,0.7111111111111111,0.7272727272727273,45.0,AraBERT_E1_seed_123,AraBERT_E1_seed_123,AraBERTv2-base,E1,123
ربط البطاقة,49,0.75,0.8888888888888888,0.8135593220338984,54.0,AraBERT_E1_seed_123,AraBERT_E1_seed_123,AraBERTv2-base,E1,123
رسوم إضافية على كشف الحساب,50,0.6818181818181818,0.75,0.7142857142857143,40.0,AraBERT_E1_seed_123,AraBERT_E1_seed_123,AraBERTv2-base,E1,123
رسوم السحب النقدي,51,0.7111111111111111,0.7441860465116279,0.7272727272727273,43.0,AraBERT_E1_seed_123,AraBERT_E1_seed_123,AraBERTv2-base,E1,123
رسوم الصرف,52,0.8787878787878788,0.6590909090909091,0.7532467532467533,44.0,AraBERT_E1_seed_123,AraBERT_E1_seed_123,AraBERTv2-base,E1,123
رفض التحويل,53,0.9523809523809524,0.4444444444444444,0.6060606060606061,45.0,AraBERT_E1_seed_123,AraBERT_E1_seed_123,AraBERTv2-base,E1,123
رفض السحب النقدي,54,0.868421052631579,0.7021276595744681,0.7764705882352941,47.0,AraBERT_E1_seed_123,AraBERT_E1_seed_123,AraBERTv2-base,E1,123
رمز التعريف الشخصي محظور,55,0.8285714285714286,0.725,0.7733333333333333,40.0,AraBERT_E1_seed_123,AraBERT_E1_seed_123,AraBERTv2-base,E1,123
سعر الصرف,56,0.8333333333333334,0.875,0.8536585365853658,40.0,AraBERT_E1_seed_123,AraBERT_E1_seed_123,AraBERTv2-base,E1,123
سعر الصرف الخاطئ للدفع بالبطاقة,57,0.8148148148148148,0.7857142857142857,0.8,56.0,AraBERT_E1_seed_123,AraBERT_E1_seed_123,AraBERTv2-base,E1,123
سعر صرف خاطئ للسحب النقدي,58,0.8108108108108109,0.7142857142857143,0.759493670886076,42.0,AraBERT_E1_seed_123,AraBERT_E1_seed_123,AraBERTv2-base,E1,123
طلب استرداد,59,0.9,0.675,0.7714285714285715,40.0,AraBERT_E1_seed_123,AraBERT_E1_seed_123,AraBERTv2-base,E1,123
طلب بطاقة فعلية,60,0.5802469135802469,0.8392857142857143,0.6861313868613139,56.0,AraBERT_E1_seed_123,AraBERT_E1_seed_123,AraBERTv2-base,E1,123
عادت تعبئة الرصيد,61,0.5102040816326531,0.5952380952380952,0.5494505494505495,42.0,AraBERT_E1_seed_123,AraBERT_E1_seed_123,AraBERTv2-base,E1,123
عدم التلامس لا يعمل,62,0.9736842105263158,0.7872340425531915,0.8705882352941177,47.0,AraBERT_E1_seed_123,AraBERT_E1_seed_123,AraBERTv2-base,E1,123
غير قادر على التحقق من الهوية,63,0.8823529411764706,0.7317073170731707,0.8,41.0,AraBERT_E1_seed_123,AraBERT_E1_seed_123,AraBERTv2-base,E1,123
فشل التحويل,64,0.8709677419354839,0.4736842105263157,0.6136363636363636,57.0,AraBERT_E1_seed_123,AraBERT_E1_seed_123,AraBERTv2-base,E1,123
فشل التعبئة,65,0.7575757575757576,0.5208333333333334,0.6172839506172839,48.0,AraBERT_E1_seed_123,AraBERT_E1_seed_123,AraBERTv2-base,E1,123
في انتظار التعبئة,66,0.6,0.7846153846153846,0.68,65.0,AraBERT_E1_seed_123,AraBERT_E1_seed_123,AraBERTv2-base,E1,123
في انتظار السحب النقدي,67,0.9433962264150944,0.7142857142857143,0.8130081300813008,70.0,AraBERT_E1_seed_123,AraBERT_E1_seed_123,AraBERTv2-base,E1,123
فيزا أو ماستر كارد,68,0.9,0.8780487804878049,0.8888888888888888,41.0,AraBERT_E1_seed_123,AraBERT_E1_seed_123,AraBERTv2-base,E1,123
قبول البطاقة,69,0.7714285714285715,0.675,0.72,40.0,AraBERT_E1_seed_123,AraBERT_E1_seed_123,AraBERTv2-base,E1,123
لم يتم تحديث الرصيد بعد التحويل المصرفي,70,0.4512195121951219,0.7708333333333334,0.5692307692307692,48.0,AraBERT_E1_seed_123,AraBERT_E1_seed_123,AraBERTv2-base,E1,123
لم يتم تحديث الرصيد بعد الشيك أو الإيداع النقدي,71,0.8181818181818182,0.675,0.7397260273972602,40.0,AraBERT_E1_seed_123,AraBERT_E1_seed_123,AraBERTv2-base,E1,123
لم يستلم المستلم التحويل,72,0.5285714285714286,0.8043478260869565,0.6379310344827587,46.0,AraBERT_E1_seed_123,AraBERT_E1_seed_123,AraBERTv2-base,E1,123
لماذا التحقق من الهوية,73,0.5849056603773585,0.7560975609756098,0.6595744680851063,41.0,AraBERT_E1_seed_123,AraBERT_E1_seed_123,AraBERTv2-base,E1,123
نسيان رمز المرور,74,0.8717948717948718,0.85,0.8607594936708861,40.0,AraBERT_E1_seed_123,AraBERT_E1_seed_123,AraBERTv2-base,E1,123
نقل إلى الحساب,75,0.6666666666666666,0.847457627118644,0.746268656716418,59.0,AraBERT_E1_seed_123,AraBERT_E1_seed_123,AraBERTv2-base,E1,123
وصول البطاقة,76,0.5223880597014925,0.8536585365853658,0.6481481481481481,41.0,AraBERT_E1_seed_123,AraBERT_E1_seed_123,AraBERTv2-base,E1,123
آبل باي أو جوجل باي,0,0.8444444444444444,0.9047619047619048,0.8735632183908046,42.0,AraBERT_E1_seed_2026,AraBERT_E1_seed_2026,AraBERTv2-base,E1,2026
إرجاع الدفع بالبطاقة؟,1,0.5166666666666667,0.6739130434782609,0.5849056603773585,46.0,AraBERT_E1_seed_2026,AraBERT_E1_seed_2026,AraBERTv2-base,E1,2026
إعادة الشحن عن طريق رسوم التحويل المصرفي,2,0.5757575757575758,0.7169811320754716,0.6386554621848739,53.0,AraBERT_E1_seed_2026,AraBERT_E1_seed_2026,AraBERTv2-base,E1,2026
إلغاء التحويل,3,0.8181818181818182,0.9,0.8571428571428571,40.0,AraBERT_E1_seed_2026,AraBERT_E1_seed_2026,AraBERTv2-base,E1,2026
ابتلاع البطاقة,4,0.8333333333333334,0.625,0.7142857142857143,40.0,AraBERT_E1_seed_2026,AraBERT_E1_seed_2026,AraBERTv2-base,E1,2026
استرداد الأموال غير مرئي,5,0.6744186046511628,0.725,0.6987951807228916,40.0,AraBERT_E1_seed_2026,AraBERT_E1_seed_2026,AraBERTv2-base,E1,2026
البطاقات والعملات المدعومة,6,0.7291666666666666,0.813953488372093,0.7692307692307693,43.0,AraBERT_E1_seed_2026,AraBERT_E1_seed_2026,AraBERTv2-base,E1,2026
البطاقة الافتراضية لا تعمل,7,0.8695652173913043,0.4545454545454545,0.5970149253731343,44.0,AraBERT_E1_seed_2026,AraBERT_E1_seed_2026,AraBERTv2-base,E1,2026
البطاقة المفقودة أو المسروقة,8,0.7555555555555555,0.6415094339622641,0.6938775510204082,53.0,AraBERT_E1_seed_2026,AraBERT_E1_seed_2026,AraBERTv2-base,E1,2026
البطاقة لا تعمل,9,0.55,0.825,0.66,40.0,AraBERT_E1_seed_2026,AraBERT_E1_seed_2026,AraBERTv2-base,E1,2026
التحقق من مصدر الأموال,10,0.9090909090909092,0.8333333333333334,0.8695652173913043,48.0,AraBERT_E1_seed_2026,AraBERT_E1_seed_2026,AraBERTv2-base,E1,2026
التعبئة عن طريق البطاقة,11,0.3571428571428571,0.4166666666666667,0.3846153846153846,48.0,AraBERT_E1_seed_2026,AraBERT_E1_seed_2026,AraBERTv2-base,E1,2026
التعبئة عن طريق شحن البطاقة,12,0.8378378378378378,0.7380952380952381,0.7848101265822784,42.0,AraBERT_E1_seed_2026,AraBERT_E1_seed_2026,AraBERTv2-base,E1,2026
الحصول على بطاقة احتياطية,13,0.6296296296296297,0.85,0.723404255319149,40.0,AraBERT_E1_seed_2026,AraBERT_E1_seed_2026,AraBERTv2-base,E1,2026
الحصول على بطاقة افتراضية,14,0.7777777777777778,0.7608695652173914,0.7692307692307693,46.0,AraBERT_E1_seed_2026,AraBERT_E1_seed_2026,AraBERTv2-base,E1,2026
الحصول على بطاقة افتراضية يمكن التخلص منها,15,0.717948717948718,0.5185185185185185,0.6021505376344086,54.0,AraBERT_E1_seed_2026,AraBERT_E1_seed_2026,AraBERTv2-base,E1,2026
الحصول على بطاقة فعلية,16,0.8333333333333334,0.875,0.8536585365853658,40.0,AraBERT_E1_seed_2026,AraBERT_E1_seed_2026,AraBERTv2-base,E1,2026
الدفع المباشر للدين غير معروف,17,0.8055555555555556,0.5686274509803921,0.6666666666666666,51.0,AraBERT_E1_seed_2026,AraBERT_E1_seed_2026,AraBERTv2-base,E1,2026
الدفع بالبطاقة المعلق,18,0.8157894736842105,0.5849056603773585,0.6813186813186813,53.0,AraBERT_E1_seed_2026,AraBERT_E1_seed_2026,AraBERTv2-base,E1,2026
الدفع بالبطاقة غير معترف به,19,0.5897435897435898,0.575,0.5822784810126582,40.0,AraBERT_E1_seed_2026,AraBERT_E1_seed_2026,AraBERTv2-base,E1,2026
السحب النقدي غير معترف به,20,0.5636363636363636,0.7560975609756098,0.6458333333333334,41.0,AraBERT_E1_seed_2026,AraBERT_E1_seed_2026,AraBERTv2-base,E1,2026
الصرف عبر التطبيق,21,0.7894736842105263,0.75,0.7692307692307693,40.0,AraBERT_E1_seed_2026,AraBERT_E1_seed_2026,AraBERTv2-base,E1,2026
المستفيد غير مسموح به,22,0.6206896551724138,0.7058823529411765,0.6605504587155964,51.0,AraBERT_E1_seed_2026,AraBERT_E1_seed_2026,AraBERTv2-base,E1,2026
الهاتف المفقود أو المسروق,23,0.782608695652174,0.8780487804878049,0.8275862068965517,41.0,AraBERT_E1_seed_2026,AraBERT_E1_seed_2026,AraBERTv2-base,E1,2026
انتظار التحويل,24,0.7037037037037037,0.4523809523809524,0.5507246376811594,42.0,AraBERT_E1_seed_2026,AraBERT_E1_seed_2026,AraBERTv2-base,E1,2026
انهاء حساب,25,0.8666666666666667,0.7761194029850746,0.8188976377952756,67.0,AraBERT_E1_seed_2026,AraBERT_E1_seed_2026,AraBERTv2-base,E1,2026
بطاقة على وشك الانتهاء,26,0.918918918918919,0.8095238095238095,0.8607594936708861,42.0,AraBERT_E1_seed_2026,AraBERT_E1_seed_2026,AraBERTv2-base,E1,2026
بطاقة مخترقة,27,0.5652173913043478,0.65,0.6046511627906976,40.0,AraBERT_E1_seed_2026,AraBERT_E1_seed_2026,AraBERTv2-base,E1,2026
تحرير التفاصيل الشخصية,28,0.84,0.9333333333333332,0.8842105263157894,45.0,AraBERT_E1_seed_2026,AraBERT_E1_seed_2026,AraBERTv2-base,E1,2026
تحصيل رسوم التحويل,29,0.627906976744186,0.675,0.6506024096385542,40.0,AraBERT_E1_seed_2026,AraBERT_E1_seed_2026,AraBERTv2-base,E1,2026
تحقق من تعبئة الرصيد,30,0.9393939393939394,0.7045454545454546,0.8051948051948052,44.0,AraBERT_E1_seed_2026,AraBERT_E1_seed_2026,AraBERTv2-base,E1,2026
تحقق من هويتي,31,0.7441860465116279,0.8,0.7710843373493976,40.0,AraBERT_E1_seed_2026,AraBERT_E1_seed_2026,AraBERTv2-base,E1,2026
تعبئة الرصيد نقدًا أو بشيك,32,0.7049180327868853,0.6935483870967742,0.6991869918699187,62.0,AraBERT_E1_seed_2026,AraBERT_E1_seed_2026,AraBERTv2-base,E1,2026
تعبئة تلقائية,33,0.7966101694915254,0.7704918032786885,0.7833333333333333,61.0,AraBERT_E1_seed_2026,AraBERT_E1_seed_2026,AraBERTv2-base,E1,2026
تغيير رمز التعريف الشخصي,34,0.9555555555555556,0.86,0.9052631578947368,50.0,AraBERT_E1_seed_2026,AraBERT_E1_seed_2026,AraBERTv2-base,E1,2026
تفعيل بطاقتي,35,0.90625,0.6590909090909091,0.7631578947368421,44.0,AraBERT_E1_seed_2026,AraBERT_E1_seed_2026,AraBERTv2-base,E1,2026
تقدير تسليم البطاقة,36,0.6444444444444445,0.6904761904761905,0.6666666666666666,42.0,AraBERT_E1_seed_2026,AraBERT_E1_seed_2026,AraBERTv2-base,E1,2026
تلقي الأموال,37,0.7833333333333333,0.8867924528301887,0.831858407079646,53.0,AraBERT_E1_seed_2026,AraBERT_E1_seed_2026,AraBERTv2-base,E1,2026
تلقي مبلغ خاطئ من النقد,38,0.7818181818181819,0.8269230769230769,0.8037383177570093,52.0,AraBERT_E1_seed_2026,AraBERT_E1_seed_2026,AraBERTv2-base,E1,2026
تم التحصيل مرتين,39,0.8275862068965517,0.9056603773584906,0.8648648648648649,53.0,AraBERT_E1_seed_2026,AraBERT_E1_seed_2026,AraBERTv2-base,E1,2026
تم تحصيل رسوم الدفع بالبطاقة,40,0.7014925373134329,0.7580645161290323,0.7286821705426356,62.0,AraBERT_E1_seed_2026,AraBERT_E1_seed_2026,AraBERTv2-base,E1,2026
تم رفض الدفع بالبطاقة,41,0.7586206896551724,0.55,0.6376811594202898,40.0,AraBERT_E1_seed_2026,AraBERT_E1_seed_2026,AraBERTv2-base,E1,2026
توقيت التحويل,42,0.5555555555555556,0.75,0.6382978723404256,40.0,AraBERT_E1_seed_2026,AraBERT_E1_seed_2026,AraBERTv2-base,E1,2026
حد السن,43,0.8936170212765957,0.9333333333333332,0.9130434782608696,45.0,AraBERT_E1_seed_2026,AraBERT_E1_seed_2026,AraBERTv2-base,E1,2026
حدود البطاقة التي يمكن التخلص منها,44,0.9047619047619048,0.7916666666666666,0.8444444444444444,48.0,AraBERT_E1_seed_2026,AraBERT_E1_seed_2026,AraBERTv2-base,E1,2026
حدود التعبئة,45,0.8863636363636364,0.7358490566037735,0.8041237113402062,53.0,AraBERT_E1_seed_2026,AraBERT_E1_seed_2026,AraBERTv2-base,E1,2026
دعم أجهزة الصراف الآلي,46,0.7916666666666666,0.926829268292683,0.8539325842696629,41.0,AraBERT_E1_seed_2026,AraBERT_E1_seed_2026,AraBERTv2-base,E1,2026
دعم البلد,47,0.8536585365853658,0.875,0.8641975308641975,40.0,AraBERT_E1_seed_2026,AraBERT_E1_seed_2026,AraBERTv2-base,E1,2026
دعم العملات الورقية,48,0.725,0.6444444444444445,0.6823529411764706,45.0,AraBERT_E1_seed_2026,AraBERT_E1_seed_2026,AraBERTv2-base,E1,2026
ربط البطاقة,49,0.7777777777777778,0.9074074074074074,0.8376068376068376,54.0,AraBERT_E1_seed_2026,AraBERT_E1_seed_2026,AraBERTv2-base,E1,2026
رسوم إضافية على كشف الحساب,50,0.7631578947368421,0.725,0.7435897435897436,40.0,AraBERT_E1_seed_2026,AraBERT_E1_seed_2026,AraBERTv2-base,E1,2026
رسوم السحب النقدي,51,0.7073170731707317,0.6744186046511628,0.6904761904761905,43.0,AraBERT_E1_seed_2026,AraBERT_E1_seed_2026,AraBERTv2-base,E1,2026
رسوم الصرف,52,0.92,0.5227272727272727,0.6666666666666666,44.0,AraBERT_E1_seed_2026,AraBERT_E1_seed_2026,AraBERTv2-base,E1,2026
رفض التحويل,53,0.8125,0.5777777777777777,0.6753246753246753,45.0,AraBERT_E1_seed_2026,AraBERT_E1_seed_2026,AraBERTv2-base,E1,2026
رفض السحب النقدي,54,0.7446808510638298,0.7446808510638298,0.7446808510638298,47.0,AraBERT_E1_seed_2026,AraBERT_E1_seed_2026,AraBERTv2-base,E1,2026
رمز التعريف الشخصي محظور,55,0.75,0.675,0.7105263157894737,40.0,AraBERT_E1_seed_2026,AraBERT_E1_seed_2026,AraBERTv2-base,E1,2026
سعر الصرف,56,0.875,0.875,0.875,40.0,AraBERT_E1_seed_2026,AraBERT_E1_seed_2026,AraBERTv2-base,E1,2026
سعر الصرف الخاطئ للدفع بالبطاقة,57,0.86,0.7678571428571429,0.8113207547169812,56.0,AraBERT_E1_seed_2026,AraBERT_E1_seed_2026,AraBERTv2-base,E1,2026
سعر صرف خاطئ للسحب النقدي,58,0.8,0.7619047619047619,0.7804878048780488,42.0,AraBERT_E1_seed_2026,AraBERT_E1_seed_2026,AraBERTv2-base,E1,2026
طلب استرداد,59,0.8387096774193549,0.65,0.7323943661971831,40.0,AraBERT_E1_seed_2026,AraBERT_E1_seed_2026,AraBERTv2-base,E1,2026
طلب بطاقة فعلية,60,0.6470588235294118,0.7857142857142857,0.7096774193548387,56.0,AraBERT_E1_seed_2026,AraBERT_E1_seed_2026,AraBERTv2-base,E1,2026
عادت تعبئة الرصيد,61,0.6153846153846154,0.5714285714285714,0.5925925925925926,42.0,AraBERT_E1_seed_2026,AraBERT_E1_seed_2026,AraBERTv2-base,E1,2026
عدم التلامس لا يعمل,62,0.951219512195122,0.8297872340425532,0.8863636363636364,47.0,AraBERT_E1_seed_2026,AraBERT_E1_seed_2026,AraBERTv2-base,E1,2026
غير قادر على التحقق من الهوية,63,0.7857142857142857,0.8048780487804879,0.7951807228915663,41.0,AraBERT_E1_seed_2026,AraBERT_E1_seed_2026,AraBERTv2-base,E1,2026
فشل التحويل,64,0.7666666666666667,0.4035087719298245,0.5287356321839081,57.0,AraBERT_E1_seed_2026,AraBERT_E1_seed_2026,AraBERTv2-base,E1,2026
فشل التعبئة,65,0.6571428571428571,0.4791666666666667,0.5542168674698795,48.0,AraBERT_E1_seed_2026,AraBERT_E1_seed_2026,AraBERTv2-base,E1,2026
في انتظار التعبئة,66,0.5909090909090909,0.8,0.6797385620915033,65.0,AraBERT_E1_seed_2026,AraBERT_E1_seed_2026,AraBERTv2-base,E1,2026
في انتظار السحب النقدي,67,0.912280701754386,0.7428571428571429,0.8188976377952756,70.0,AraBERT_E1_seed_2026,AraBERT_E1_seed_2026,AraBERTv2-base,E1,2026
فيزا أو ماستر كارد,68,0.902439024390244,0.902439024390244,0.902439024390244,41.0,AraBERT_E1_seed_2026,AraBERT_E1_seed_2026,AraBERTv2-base,E1,2026
قبول البطاقة,69,0.6666666666666666,0.75,0.7058823529411765,40.0,AraBERT_E1_seed_2026,AraBERT_E1_seed_2026,AraBERTv2-base,E1,2026
لم يتم تحديث الرصيد بعد التحويل المصرفي,70,0.5483870967741935,0.7083333333333334,0.6181818181818182,48.0,AraBERT_E1_seed_2026,AraBERT_E1_seed_2026,AraBERTv2-base,E1,2026
لم يتم تحديث الرصيد بعد الشيك أو الإيداع النقدي,71,0.8055555555555556,0.725,0.7631578947368421,40.0,AraBERT_E1_seed_2026,AraBERT_E1_seed_2026,AraBERTv2-base,E1,2026
لم يستلم المستلم التحويل,72,0.4352941176470588,0.8043478260869565,0.5648854961832062,46.0,AraBERT_E1_seed_2026,AraBERT_E1_seed_2026,AraBERTv2-base,E1,2026
لماذا التحقق من الهوية,73,0.7142857142857143,0.6097560975609756,0.6578947368421053,41.0,AraBERT_E1_seed_2026,AraBERT_E1_seed_2026,AraBERTv2-base,E1,2026
نسيان رمز المرور,74,0.8717948717948718,0.85,0.8607594936708861,40.0,AraBERT_E1_seed_2026,AraBERT_E1_seed_2026,AraBERTv2-base,E1,2026
نقل إلى الحساب,75,0.6666666666666666,0.847457627118644,0.746268656716418,59.0,AraBERT_E1_seed_2026,AraBERT_E1_seed_2026,AraBERTv2-base,E1,2026
وصول البطاقة,76,0.532258064516129,0.8048780487804879,0.6407766990291263,41.0,AraBERT_E1_seed_2026,AraBERT_E1_seed_2026,AraBERTv2-base,E1,2026
آبل باي أو جوجل باي,0,0.8043478260869565,0.8809523809523809,0.8409090909090909,42.0,AraBERT_E2_seed_42,AraBERT_E2_seed_42,AraBERTv2-base,E2,42
إرجاع الدفع بالبطاقة؟,1,0.5396825396825397,0.7391304347826086,0.6238532110091743,46.0,AraBERT_E2_seed_42,AraBERT_E2_seed_42,AraBERTv2-base,E2,42
إعادة الشحن عن طريق رسوم التحويل المصرفي,2,0.6666666666666666,0.7169811320754716,0.6909090909090909,53.0,AraBERT_E2_seed_42,AraBERT_E2_seed_42,AraBERTv2-base,E2,42
إلغاء التحويل,3,0.9210526315789472,0.875,0.8974358974358975,40.0,AraBERT_E2_seed_42,AraBERT_E2_seed_42,AraBERTv2-base,E2,42
ابتلاع البطاقة,4,0.8928571428571429,0.625,0.7352941176470589,40.0,AraBERT_E2_seed_42,AraBERT_E2_seed_42,AraBERTv2-base,E2,42
استرداد الأموال غير مرئي,5,0.8,0.7,0.7466666666666667,40.0,AraBERT_E2_seed_42,AraBERT_E2_seed_42,AraBERTv2-base,E2,42
البطاقات والعملات المدعومة,6,0.7560975609756098,0.7209302325581395,0.7380952380952381,43.0,AraBERT_E2_seed_42,AraBERT_E2_seed_42,AraBERTv2-base,E2,42
البطاقة الافتراضية لا تعمل,7,0.9130434782608696,0.4772727272727273,0.6268656716417911,44.0,AraBERT_E2_seed_42,AraBERT_E2_seed_42,AraBERTv2-base,E2,42
البطاقة المفقودة أو المسروقة,8,0.7804878048780488,0.6037735849056604,0.6808510638297872,53.0,AraBERT_E2_seed_42,AraBERT_E2_seed_42,AraBERTv2-base,E2,42
البطاقة لا تعمل,9,0.5689655172413793,0.825,0.673469387755102,40.0,AraBERT_E2_seed_42,AraBERT_E2_seed_42,AraBERTv2-base,E2,42
التحقق من مصدر الأموال,10,0.8888888888888888,0.8333333333333334,0.8602150537634409,48.0,AraBERT_E2_seed_42,AraBERT_E2_seed_42,AraBERTv2-base,E2,42
التعبئة عن طريق البطاقة,11,0.5116279069767442,0.4583333333333333,0.4835164835164835,48.0,AraBERT_E2_seed_42,AraBERT_E2_seed_42,AraBERTv2-base,E2,42
التعبئة عن طريق شحن البطاقة,12,0.8947368421052632,0.8095238095238095,0.85,42.0,AraBERT_E2_seed_42,AraBERT_E2_seed_42,AraBERTv2-base,E2,42
الحصول على بطاقة احتياطية,13,0.6140350877192983,0.875,0.7216494845360825,40.0,AraBERT_E2_seed_42,AraBERT_E2_seed_42,AraBERTv2-base,E2,42
الحصول على بطاقة افتراضية,14,0.5238095238095238,0.717391304347826,0.6055045871559633,46.0,AraBERT_E2_seed_42,AraBERT_E2_seed_42,AraBERTv2-base,E2,42
الحصول على بطاقة افتراضية يمكن التخلص منها,15,0.5454545454545454,0.2222222222222222,0.3157894736842105,54.0,AraBERT_E2_seed_42,AraBERT_E2_seed_42,AraBERTv2-base,E2,42
الحصول على بطاقة فعلية,16,0.7804878048780488,0.8,0.7901234567901234,40.0,AraBERT_E2_seed_42,AraBERT_E2_seed_42,AraBERTv2-base,E2,42
الدفع المباشر للدين غير معروف,17,0.6140350877192983,0.6862745098039216,0.6481481481481481,51.0,AraBERT_E2_seed_42,AraBERT_E2_seed_42,AraBERTv2-base,E2,42
الدفع بالبطاقة المعلق,18,0.8461538461538461,0.6226415094339622,0.717391304347826,53.0,AraBERT_E2_seed_42,AraBERT_E2_seed_42,AraBERTv2-base,E2,42
الدفع بالبطاقة غير معترف به,19,0.4444444444444444,0.4,0.4210526315789473,40.0,AraBERT_E2_seed_42,AraBERT_E2_seed_42,AraBERTv2-base,E2,42
السحب النقدي غير معترف به,20,0.6153846153846154,0.7804878048780488,0.6881720430107527,41.0,AraBERT_E2_seed_42,AraBERT_E2_seed_42,AraBERTv2-base,E2,42
الصرف عبر التطبيق,21,0.7692307692307693,0.75,0.759493670886076,40.0,AraBERT_E2_seed_42,AraBERT_E2_seed_42,AraBERTv2-base,E2,42
المستفيد غير مسموح به,22,0.5740740740740741,0.6078431372549019,0.5904761904761905,51.0,AraBERT_E2_seed_42,AraBERT_E2_seed_42,AraBERTv2-base,E2,42
الهاتف المفقود أو المسروق,23,0.7777777777777778,0.8536585365853658,0.813953488372093,41.0,AraBERT_E2_seed_42,AraBERT_E2_seed_42,AraBERTv2-base,E2,42
انتظار التحويل,24,0.7142857142857143,0.4761904761904761,0.5714285714285714,42.0,AraBERT_E2_seed_42,AraBERT_E2_seed_42,AraBERTv2-base,E2,42
انهاء حساب,25,0.8947368421052632,0.7611940298507462,0.8225806451612904,67.0,AraBERT_E2_seed_42,AraBERT_E2_seed_42,AraBERTv2-base,E2,42
بطاقة على وشك الانتهاء,26,0.825,0.7857142857142857,0.8048780487804879,42.0,AraBERT_E2_seed_42,AraBERT_E2_seed_42,AraBERTv2-base,E2,42
بطاقة مخترقة,27,0.6486486486486487,0.6,0.6233766233766234,40.0,AraBERT_E2_seed_42,AraBERT_E2_seed_42,AraBERTv2-base,E2,42
تحرير التفاصيل الشخصية,28,0.8235294117647058,0.9333333333333332,0.875,45.0,AraBERT_E2_seed_42,AraBERT_E2_seed_42,AraBERTv2-base,E2,42
تحصيل رسوم التحويل,29,0.6382978723404256,0.75,0.6896551724137931,40.0,AraBERT_E2_seed_42,AraBERT_E2_seed_42,AraBERTv2-base,E2,42
تحقق من تعبئة الرصيد,30,0.9487179487179488,0.8409090909090909,0.891566265060241,44.0,AraBERT_E2_seed_42,AraBERT_E2_seed_42,AraBERTv2-base,E2,42
تحقق من هويتي,31,0.7674418604651163,0.825,0.7951807228915663,40.0,AraBERT_E2_seed_42,AraBERT_E2_seed_42,AraBERTv2-base,E2,42
تعبئة الرصيد نقدًا أو بشيك,32,0.6666666666666666,0.7741935483870968,0.7164179104477612,62.0,AraBERT_E2_seed_42,AraBERT_E2_seed_42,AraBERTv2-base,E2,42
تعبئة تلقائية,33,0.8846153846153846,0.7540983606557377,0.8141592920353983,61.0,AraBERT_E2_seed_42,AraBERT_E2_seed_42,AraBERTv2-base,E2,42
تغيير رمز التعريف الشخصي,34,0.8936170212765957,0.84,0.865979381443299,50.0,AraBERT_E2_seed_42,AraBERT_E2_seed_42,AraBERTv2-base,E2,42
تفعيل بطاقتي,35,0.95,0.4318181818181818,0.59375,44.0,AraBERT_E2_seed_42,AraBERT_E2_seed_42,AraBERTv2-base,E2,42
تقدير تسليم البطاقة,36,0.7,0.6666666666666666,0.6829268292682927,42.0,AraBERT_E2_seed_42,AraBERT_E2_seed_42,AraBERTv2-base,E2,42
تلقي الأموال,37,0.676056338028169,0.9056603773584906,0.7741935483870968,53.0,AraBERT_E2_seed_42,AraBERT_E2_seed_42,AraBERTv2-base,E2,42
تلقي مبلغ خاطئ من النقد,38,0.71875,0.8846153846153846,0.7931034482758621,52.0,AraBERT_E2_seed_42,AraBERT_E2_seed_42,AraBERTv2-base,E2,42
تم التحصيل مرتين,39,0.819672131147541,0.9433962264150944,0.8771929824561403,53.0,AraBERT_E2_seed_42,AraBERT_E2_seed_42,AraBERTv2-base,E2,42
تم تحصيل رسوم الدفع بالبطاقة,40,0.6825396825396826,0.6935483870967742,0.688,62.0,AraBERT_E2_seed_42,AraBERT_E2_seed_42,AraBERTv2-base,E2,42
تم رفض الدفع بالبطاقة,41,0.6428571428571429,0.45,0.5294117647058824,40.0,AraBERT_E2_seed_42,AraBERT_E2_seed_42,AraBERTv2-base,E2,42
توقيت التحويل,42,0.5862068965517241,0.85,0.6938775510204082,40.0,AraBERT_E2_seed_42,AraBERT_E2_seed_42,AraBERTv2-base,E2,42
حد السن,43,0.8076923076923077,0.9333333333333332,0.865979381443299,45.0,AraBERT_E2_seed_42,AraBERT_E2_seed_42,AraBERTv2-base,E2,42
حدود البطاقة التي يمكن التخلص منها,44,0.8409090909090909,0.7708333333333334,0.8043478260869565,48.0,AraBERT_E2_seed_42,AraBERT_E2_seed_42,AraBERTv2-base,E2,42
حدود التعبئة,45,0.8431372549019608,0.8113207547169812,0.8269230769230769,53.0,AraBERT_E2_seed_42,AraBERT_E2_seed_42,AraBERTv2-base,E2,42
دعم أجهزة الصراف الآلي,46,0.8085106382978723,0.926829268292683,0.8636363636363636,41.0,AraBERT_E2_seed_42,AraBERT_E2_seed_42,AraBERTv2-base,E2,42
دعم البلد,47,0.9047619047619048,0.95,0.926829268292683,40.0,AraBERT_E2_seed_42,AraBERT_E2_seed_42,AraBERTv2-base,E2,42
دعم العملات الورقية,48,0.6530612244897959,0.7111111111111111,0.6808510638297872,45.0,AraBERT_E2_seed_42,AraBERT_E2_seed_42,AraBERTv2-base,E2,42
ربط البطاقة,49,0.676056338028169,0.8888888888888888,0.768,54.0,AraBERT_E2_seed_42,AraBERT_E2_seed_42,AraBERTv2-base,E2,42
رسوم إضافية على كشف الحساب,50,0.6521739130434783,0.75,0.6976744186046512,40.0,AraBERT_E2_seed_42,AraBERT_E2_seed_42,AraBERTv2-base,E2,42
رسوم السحب النقدي,51,0.6829268292682927,0.6511627906976745,0.6666666666666666,43.0,AraBERT_E2_seed_42,AraBERT_E2_seed_42,AraBERTv2-base,E2,42
رسوم الصرف,52,0.8333333333333334,0.5681818181818182,0.6756756756756757,44.0,AraBERT_E2_seed_42,AraBERT_E2_seed_42,AraBERTv2-base,E2,42
رفض التحويل,53,0.9,0.4,0.5538461538461539,45.0,AraBERT_E2_seed_42,AraBERT_E2_seed_42,AraBERTv2-base,E2,42
رفض السحب النقدي,54,0.7857142857142857,0.7021276595744681,0.7415730337078652,47.0,AraBERT_E2_seed_42,AraBERT_E2_seed_42,AraBERTv2-base,E2,42
رمز التعريف الشخصي محظور,55,0.8666666666666667,0.65,0.7428571428571429,40.0,AraBERT_E2_seed_42,AraBERT_E2_seed_42,AraBERTv2-base,E2,42
سعر الصرف,56,0.8,0.9,0.8470588235294118,40.0,AraBERT_E2_seed_42,AraBERT_E2_seed_42,AraBERTv2-base,E2,42
سعر الصرف الخاطئ للدفع بالبطاقة,57,0.8301886792452831,0.7857142857142857,0.8073394495412844,56.0,AraBERT_E2_seed_42,AraBERT_E2_seed_42,AraBERTv2-base,E2,42
سعر صرف خاطئ للسحب النقدي,58,0.8709677419354839,0.6428571428571429,0.7397260273972602,42.0,AraBERT_E2_seed_42,AraBERT_E2_seed_42,AraBERTv2-base,E2,42
طلب استرداد,59,0.7692307692307693,0.75,0.759493670886076,40.0,AraBERT_E2_seed_42,AraBERT_E2_seed_42,AraBERTv2-base,E2,42
طلب بطاقة فعلية,60,0.5357142857142857,0.8035714285714286,0.6428571428571429,56.0,AraBERT_E2_seed_42,AraBERT_E2_seed_42,AraBERTv2-base,E2,42
عادت تعبئة الرصيد,61,0.8064516129032258,0.5952380952380952,0.684931506849315,42.0,AraBERT_E2_seed_42,AraBERT_E2_seed_42,AraBERTv2-base,E2,42
عدم التلامس لا يعمل,62,0.9736842105263158,0.7872340425531915,0.8705882352941177,47.0,AraBERT_E2_seed_42,AraBERT_E2_seed_42,AraBERTv2-base,E2,42
غير قادر على التحقق من الهوية,63,0.8181818181818182,0.6585365853658537,0.7297297297297297,41.0,AraBERT_E2_seed_42,AraBERT_E2_seed_42,AraBERTv2-base,E2,42
فشل التحويل,64,0.84,0.3684210526315789,0.5121951219512195,57.0,AraBERT_E2_seed_42,AraBERT_E2_seed_42,AraBERTv2-base,E2,42
فشل التعبئة,65,0.6511627906976745,0.5833333333333334,0.6153846153846154,48.0,AraBERT_E2_seed_42,AraBERT_E2_seed_42,AraBERTv2-base,E2,42
في انتظار التعبئة,66,0.6046511627906976,0.8,0.6887417218543046,65.0,AraBERT_E2_seed_42,AraBERT_E2_seed_42,AraBERTv2-base,E2,42
في انتظار السحب النقدي,67,0.9322033898305084,0.7857142857142857,0.8527131782945736,70.0,AraBERT_E2_seed_42,AraBERT_E2_seed_42,AraBERTv2-base,E2,42
فيزا أو ماستر كارد,68,0.8780487804878049,0.8780487804878049,0.8780487804878049,41.0,AraBERT_E2_seed_42,AraBERT_E2_seed_42,AraBERTv2-base,E2,42
قبول البطاقة,69,0.8048780487804879,0.825,0.8148148148148148,40.0,AraBERT_E2_seed_42,AraBERT_E2_seed_42,AraBERTv2-base,E2,42
لم يتم تحديث الرصيد بعد التحويل المصرفي,70,0.4675324675324675,0.75,0.576,48.0,AraBERT_E2_seed_42,AraBERT_E2_seed_42,AraBERTv2-base,E2,42
لم يتم تحديث الرصيد بعد الشيك أو الإيداع النقدي,71,0.8928571428571429,0.625,0.7352941176470589,40.0,AraBERT_E2_seed_42,AraBERT_E2_seed_42,AraBERTv2-base,E2,42
لم يستلم المستلم التحويل,72,0.6379310344827587,0.8043478260869565,0.7115384615384616,46.0,AraBERT_E2_seed_42,AraBERT_E2_seed_42,AraBERTv2-base,E2,42
لماذا التحقق من الهوية,73,0.5625,0.6585365853658537,0.6067415730337079,41.0,AraBERT_E2_seed_42,AraBERT_E2_seed_42,AraBERTv2-base,E2,42
نسيان رمز المرور,74,0.9142857142857144,0.8,0.8533333333333334,40.0,AraBERT_E2_seed_42,AraBERT_E2_seed_42,AraBERTv2-base,E2,42
نقل إلى الحساب,75,0.6891891891891891,0.864406779661017,0.7669172932330827,59.0,AraBERT_E2_seed_42,AraBERT_E2_seed_42,AraBERTv2-base,E2,42
وصول البطاقة,76,0.5074626865671642,0.8292682926829268,0.6296296296296297,41.0,AraBERT_E2_seed_42,AraBERT_E2_seed_42,AraBERTv2-base,E2,42
آبل باي أو جوجل باي,0,0.8809523809523809,0.8809523809523809,0.8809523809523809,42.0,AraBERT_E2_seed_123,AraBERT_E2_seed_123,AraBERTv2-base,E2,123
إرجاع الدفع بالبطاقة؟,1,0.6181818181818182,0.7391304347826086,0.6732673267326733,46.0,AraBERT_E2_seed_123,AraBERT_E2_seed_123,AraBERTv2-base,E2,123
إعادة الشحن عن طريق رسوم التحويل المصرفي,2,0.639344262295082,0.7358490566037735,0.6842105263157895,53.0,AraBERT_E2_seed_123,AraBERT_E2_seed_123,AraBERTv2-base,E2,123
إلغاء التحويل,3,0.8181818181818182,0.9,0.8571428571428571,40.0,AraBERT_E2_seed_123,AraBERT_E2_seed_123,AraBERTv2-base,E2,123
ابتلاع البطاقة,4,0.84375,0.675,0.75,40.0,AraBERT_E2_seed_123,AraBERT_E2_seed_123,AraBERTv2-base,E2,123
استرداد الأموال غير مرئي,5,0.7297297297297297,0.675,0.7012987012987013,40.0,AraBERT_E2_seed_123,AraBERT_E2_seed_123,AraBERTv2-base,E2,123
البطاقات والعملات المدعومة,6,0.8292682926829268,0.7906976744186046,0.8095238095238095,43.0,AraBERT_E2_seed_123,AraBERT_E2_seed_123,AraBERTv2-base,E2,123
البطاقة الافتراضية لا تعمل,7,0.8636363636363636,0.4318181818181818,0.5757575757575758,44.0,AraBERT_E2_seed_123,AraBERT_E2_seed_123,AraBERTv2-base,E2,123
البطاقة المفقودة أو المسروقة,8,0.84375,0.5094339622641509,0.6352941176470588,53.0,AraBERT_E2_seed_123,AraBERT_E2_seed_123,AraBERTv2-base,E2,123
البطاقة لا تعمل,9,0.5192307692307693,0.675,0.5869565217391305,40.0,AraBERT_E2_seed_123,AraBERT_E2_seed_123,AraBERTv2-base,E2,123
التحقق من مصدر الأموال,10,0.8780487804878049,0.75,0.8089887640449438,48.0,AraBERT_E2_seed_123,AraBERT_E2_seed_123,AraBERTv2-base,E2,123
التعبئة عن طريق البطاقة,11,0.4594594594594595,0.3541666666666667,0.4,48.0,AraBERT_E2_seed_123,AraBERT_E2_seed_123,AraBERTv2-base,E2,123
التعبئة عن طريق شحن البطاقة,12,0.8611111111111112,0.7380952380952381,0.7948717948717948,42.0,AraBERT_E2_seed_123,AraBERT_E2_seed_123,AraBERTv2-base,E2,123
الحصول على بطاقة احتياطية,13,0.5254237288135594,0.775,0.6262626262626263,40.0,AraBERT_E2_seed_123,AraBERT_E2_seed_123,AraBERTv2-base,E2,123
الحصول على بطاقة افتراضية,14,0.6274509803921569,0.6956521739130435,0.6597938144329897,46.0,AraBERT_E2_seed_123,AraBERT_E2_seed_123,AraBERTv2-base,E2,123
الحصول على بطاقة افتراضية يمكن التخلص منها,15,0.6666666666666666,0.1851851851851851,0.2898550724637681,54.0,AraBERT_E2_seed_123,AraBERT_E2_seed_123,AraBERTv2-base,E2,123
الحصول على بطاقة فعلية,16,0.825,0.825,0.825,40.0,AraBERT_E2_seed_123,AraBERT_E2_seed_123,AraBERTv2-base,E2,123
الدفع المباشر للدين غير معروف,17,0.8222222222222222,0.7254901960784313,0.7708333333333334,51.0,AraBERT_E2_seed_123,AraBERT_E2_seed_123,AraBERTv2-base,E2,123
الدفع بالبطاقة المعلق,18,0.660377358490566,0.660377358490566,0.660377358490566,53.0,AraBERT_E2_seed_123,AraBERT_E2_seed_123,AraBERTv2-base,E2,123
الدفع بالبطاقة غير معترف به,19,0.5789473684210527,0.55,0.5641025641025641,40.0,AraBERT_E2_seed_123,AraBERT_E2_seed_123,AraBERTv2-base,E2,123
السحب النقدي غير معترف به,20,0.6888888888888889,0.7560975609756098,0.7209302325581395,41.0,AraBERT_E2_seed_123,AraBERT_E2_seed_123,AraBERTv2-base,E2,123
الصرف عبر التطبيق,21,0.7111111111111111,0.8,0.7529411764705882,40.0,AraBERT_E2_seed_123,AraBERT_E2_seed_123,AraBERTv2-base,E2,123
المستفيد غير مسموح به,22,0.6875,0.6470588235294118,0.6666666666666666,51.0,AraBERT_E2_seed_123,AraBERT_E2_seed_123,AraBERTv2-base,E2,123
الهاتف المفقود أو المسروق,23,0.8536585365853658,0.8536585365853658,0.8536585365853658,41.0,AraBERT_E2_seed_123,AraBERT_E2_seed_123,AraBERTv2-base,E2,123
انتظار التحويل,24,0.5428571428571428,0.4523809523809524,0.4935064935064935,42.0,AraBERT_E2_seed_123,AraBERT_E2_seed_123,AraBERTv2-base,E2,123
انهاء حساب,25,0.859375,0.8208955223880597,0.8396946564885496,67.0,AraBERT_E2_seed_123,AraBERT_E2_seed_123,AraBERTv2-base,E2,123
بطاقة على وشك الانتهاء,26,0.8571428571428571,0.7142857142857143,0.7792207792207793,42.0,AraBERT_E2_seed_123,AraBERT_E2_seed_123,AraBERTv2-base,E2,123
بطاقة مخترقة,27,0.6571428571428571,0.575,0.6133333333333333,40.0,AraBERT_E2_seed_123,AraBERT_E2_seed_123,AraBERTv2-base,E2,123
تحرير التفاصيل الشخصية,28,0.7959183673469388,0.8666666666666667,0.8297872340425532,45.0,AraBERT_E2_seed_123,AraBERT_E2_seed_123,AraBERTv2-base,E2,123
تحصيل رسوم التحويل,29,0.5576923076923077,0.725,0.6304347826086957,40.0,AraBERT_E2_seed_123,AraBERT_E2_seed_123,AraBERTv2-base,E2,123
تحقق من تعبئة الرصيد,30,0.95,0.8636363636363636,0.9047619047619048,44.0,AraBERT_E2_seed_123,AraBERT_E2_seed_123,AraBERTv2-base,E2,123
تحقق من هويتي,31,0.7948717948717948,0.775,0.7848101265822784,40.0,AraBERT_E2_seed_123,AraBERT_E2_seed_123,AraBERTv2-base,E2,123
تعبئة الرصيد نقدًا أو بشيك,32,0.6470588235294118,0.7096774193548387,0.676923076923077,62.0,AraBERT_E2_seed_123,AraBERT_E2_seed_123,AraBERTv2-base,E2,123
تعبئة تلقائية,33,0.8412698412698413,0.8688524590163934,0.8548387096774194,61.0,AraBERT_E2_seed_123,AraBERT_E2_seed_123,AraBERTv2-base,E2,123
تغيير رمز التعريف الشخصي,34,0.9347826086956522,0.86,0.8958333333333334,50.0,AraBERT_E2_seed_123,AraBERT_E2_seed_123,AraBERTv2-base,E2,123
تفعيل بطاقتي,35,0.8064516129032258,0.5681818181818182,0.6666666666666666,44.0,AraBERT_E2_seed_123,AraBERT_E2_seed_123,AraBERTv2-base,E2,123
تقدير تسليم البطاقة,36,0.6,0.6428571428571429,0.6206896551724138,42.0,AraBERT_E2_seed_123,AraBERT_E2_seed_123,AraBERTv2-base,E2,123
تلقي الأموال,37,0.703125,0.8490566037735849,0.7692307692307693,53.0,AraBERT_E2_seed_123,AraBERT_E2_seed_123,AraBERTv2-base,E2,123
تلقي مبلغ خاطئ من النقد,38,0.6417910447761194,0.8269230769230769,0.7226890756302521,52.0,AraBERT_E2_seed_123,AraBERT_E2_seed_123,AraBERTv2-base,E2,123
تم التحصيل مرتين,39,0.8305084745762712,0.9245283018867924,0.875,53.0,AraBERT_E2_seed_123,AraBERT_E2_seed_123,AraBERTv2-base,E2,123
تم تحصيل رسوم الدفع بالبطاقة,40,0.8214285714285714,0.7419354838709677,0.7796610169491526,62.0,AraBERT_E2_seed_123,AraBERT_E2_seed_123,AraBERTv2-base,E2,123
تم رفض الدفع بالبطاقة,41,0.7142857142857143,0.5,0.5882352941176471,40.0,AraBERT_E2_seed_123,AraBERT_E2_seed_123,AraBERTv2-base,E2,123
توقيت التحويل,42,0.5737704918032787,0.875,0.693069306930693,40.0,AraBERT_E2_seed_123,AraBERT_E2_seed_123,AraBERTv2-base,E2,123
حد السن,43,0.8235294117647058,0.9333333333333332,0.875,45.0,AraBERT_E2_seed_123,AraBERT_E2_seed_123,AraBERTv2-base,E2,123
حدود البطاقة التي يمكن التخلص منها,44,0.7358490566037735,0.8125,0.7722772277227723,48.0,AraBERT_E2_seed_123,AraBERT_E2_seed_123,AraBERTv2-base,E2,123
حدود التعبئة,45,0.8695652173913043,0.7547169811320755,0.8080808080808081,53.0,AraBERT_E2_seed_123,AraBERT_E2_seed_123,AraBERTv2-base,E2,123
دعم أجهزة الصراف الآلي,46,0.8863636363636364,0.951219512195122,0.9176470588235294,41.0,AraBERT_E2_seed_123,AraBERT_E2_seed_123,AraBERTv2-base,E2,123
دعم البلد,47,0.8571428571428571,0.9,0.8780487804878049,40.0,AraBERT_E2_seed_123,AraBERT_E2_seed_123,AraBERTv2-base,E2,123
دعم العملات الورقية,48,0.7894736842105263,0.6666666666666666,0.7228915662650602,45.0,AraBERT_E2_seed_123,AraBERT_E2_seed_123,AraBERTv2-base,E2,123
ربط البطاقة,49,0.7704918032786885,0.8703703703703703,0.8173913043478261,54.0,AraBERT_E2_seed_123,AraBERT_E2_seed_123,AraBERTv2-base,E2,123
رسوم إضافية على كشف الحساب,50,0.717948717948718,0.7,0.7088607594936709,40.0,AraBERT_E2_seed_123,AraBERT_E2_seed_123,AraBERTv2-base,E2,123
رسوم السحب النقدي,51,0.7045454545454546,0.7209302325581395,0.7126436781609196,43.0,AraBERT_E2_seed_123,AraBERT_E2_seed_123,AraBERTv2-base,E2,123
رسوم الصرف,52,1.0,0.5227272727272727,0.6865671641791045,44.0,AraBERT_E2_seed_123,AraBERT_E2_seed_123,AraBERTv2-base,E2,123
رفض التحويل,53,0.896551724137931,0.5777777777777777,0.7027027027027027,45.0,AraBERT_E2_seed_123,AraBERT_E2_seed_123,AraBERTv2-base,E2,123
رفض السحب النقدي,54,0.8333333333333334,0.7446808510638298,0.7865168539325843,47.0,AraBERT_E2_seed_123,AraBERT_E2_seed_123,AraBERTv2-base,E2,123
رمز التعريف الشخصي محظور,55,0.8055555555555556,0.725,0.7631578947368421,40.0,AraBERT_E2_seed_123,AraBERT_E2_seed_123,AraBERTv2-base,E2,123
سعر الصرف,56,0.8181818181818182,0.9,0.8571428571428571,40.0,AraBERT_E2_seed_123,AraBERT_E2_seed_123,AraBERTv2-base,E2,123
سعر الصرف الخاطئ للدفع بالبطاقة,57,0.7735849056603774,0.7321428571428571,0.7522935779816514,56.0,AraBERT_E2_seed_123,AraBERT_E2_seed_123,AraBERTv2-base,E2,123
سعر صرف خاطئ للسحب النقدي,58,0.8378378378378378,0.7380952380952381,0.7848101265822784,42.0,AraBERT_E2_seed_123,AraBERT_E2_seed_123,AraBERTv2-base,E2,123
طلب استرداد,59,0.896551724137931,0.65,0.7536231884057971,40.0,AraBERT_E2_seed_123,AraBERT_E2_seed_123,AraBERTv2-base,E2,123
طلب بطاقة فعلية,60,0.6164383561643836,0.8035714285714286,0.6976744186046512,56.0,AraBERT_E2_seed_123,AraBERT_E2_seed_123,AraBERTv2-base,E2,123
عادت تعبئة الرصيد,61,0.7241379310344828,0.5,0.5915492957746479,42.0,AraBERT_E2_seed_123,AraBERT_E2_seed_123,AraBERTv2-base,E2,123
عدم التلامس لا يعمل,62,0.9487179487179488,0.7872340425531915,0.8604651162790697,47.0,AraBERT_E2_seed_123,AraBERT_E2_seed_123,AraBERTv2-base,E2,123
غير قادر على التحقق من الهوية,63,0.9090909090909092,0.7317073170731707,0.8108108108108109,41.0,AraBERT_E2_seed_123,AraBERT_E2_seed_123,AraBERTv2-base,E2,123
فشل التحويل,64,0.75,0.4736842105263157,0.5806451612903226,57.0,AraBERT_E2_seed_123,AraBERT_E2_seed_123,AraBERTv2-base,E2,123
فشل التعبئة,65,0.8148148148148148,0.4583333333333333,0.5866666666666667,48.0,AraBERT_E2_seed_123,AraBERT_E2_seed_123,AraBERTv2-base,E2,123
في انتظار التعبئة,66,0.5408163265306123,0.8153846153846154,0.6503067484662577,65.0,AraBERT_E2_seed_123,AraBERT_E2_seed_123,AraBERTv2-base,E2,123
في انتظار السحب النقدي,67,0.8666666666666667,0.7428571428571429,0.8,70.0,AraBERT_E2_seed_123,AraBERT_E2_seed_123,AraBERTv2-base,E2,123
فيزا أو ماستر كارد,68,0.902439024390244,0.902439024390244,0.902439024390244,41.0,AraBERT_E2_seed_123,AraBERT_E2_seed_123,AraBERTv2-base,E2,123
قبول البطاقة,69,0.8157894736842105,0.775,0.7948717948717948,40.0,AraBERT_E2_seed_123,AraBERT_E2_seed_123,AraBERTv2-base,E2,123
لم يتم تحديث الرصيد بعد التحويل المصرفي,70,0.4788732394366197,0.7083333333333334,0.5714285714285714,48.0,AraBERT_E2_seed_123,AraBERT_E2_seed_123,AraBERTv2-base,E2,123
لم يتم تحديث الرصيد بعد الشيك أو الإيداع النقدي,71,0.7567567567567568,0.7,0.7272727272727273,40.0,AraBERT_E2_seed_123,AraBERT_E2_seed_123,AraBERTv2-base,E2,123
لم يستلم المستلم التحويل,72,0.4086021505376344,0.8260869565217391,0.5467625899280576,46.0,AraBERT_E2_seed_123,AraBERT_E2_seed_123,AraBERTv2-base,E2,123
لماذا التحقق من الهوية,73,0.6181818181818182,0.8292682926829268,0.7083333333333334,41.0,AraBERT_E2_seed_123,AraBERT_E2_seed_123,AraBERTv2-base,E2,123
نسيان رمز المرور,74,0.868421052631579,0.825,0.8461538461538461,40.0,AraBERT_E2_seed_123,AraBERT_E2_seed_123,AraBERTv2-base,E2,123
نقل إلى الحساب,75,0.684931506849315,0.847457627118644,0.7575757575757576,59.0,AraBERT_E2_seed_123,AraBERT_E2_seed_123,AraBERTv2-base,E2,123
وصول البطاقة,76,0.430379746835443,0.8292682926829268,0.5666666666666667,41.0,AraBERT_E2_seed_123,AraBERT_E2_seed_123,AraBERTv2-base,E2,123
آبل باي أو جوجل باي,0,0.8837209302325582,0.9047619047619048,0.8941176470588236,42.0,AraBERT_E2_seed_2026,AraBERT_E2_seed_2026,AraBERTv2-base,E2,2026
إرجاع الدفع بالبطاقة؟,1,0.5147058823529411,0.7608695652173914,0.6140350877192983,46.0,AraBERT_E2_seed_2026,AraBERT_E2_seed_2026,AraBERTv2-base,E2,2026
إعادة الشحن عن طريق رسوم التحويل المصرفي,2,0.631578947368421,0.6792452830188679,0.6545454545454545,53.0,AraBERT_E2_seed_2026,AraBERT_E2_seed_2026,AraBERTv2-base,E2,2026
إلغاء التحويل,3,0.7058823529411765,0.9,0.7912087912087912,40.0,AraBERT_E2_seed_2026,AraBERT_E2_seed_2026,AraBERTv2-base,E2,2026
ابتلاع البطاقة,4,0.8666666666666667,0.65,0.7428571428571429,40.0,AraBERT_E2_seed_2026,AraBERT_E2_seed_2026,AraBERTv2-base,E2,2026
استرداد الأموال غير مرئي,5,0.7352941176470589,0.625,0.6756756756756757,40.0,AraBERT_E2_seed_2026,AraBERT_E2_seed_2026,AraBERTv2-base,E2,2026
البطاقات والعملات المدعومة,6,0.7435897435897436,0.6744186046511628,0.7073170731707317,43.0,AraBERT_E2_seed_2026,AraBERT_E2_seed_2026,AraBERTv2-base,E2,2026
البطاقة الافتراضية لا تعمل,7,0.9,0.4090909090909091,0.5625,44.0,AraBERT_E2_seed_2026,AraBERT_E2_seed_2026,AraBERTv2-base,E2,2026
البطاقة المفقودة أو المسروقة,8,0.7674418604651163,0.6226415094339622,0.6875,53.0,AraBERT_E2_seed_2026,AraBERT_E2_seed_2026,AraBERTv2-base,E2,2026
البطاقة لا تعمل,9,0.5238095238095238,0.825,0.6407766990291263,40.0,AraBERT_E2_seed_2026,AraBERT_E2_seed_2026,AraBERTv2-base,E2,2026
التحقق من مصدر الأموال,10,0.9545454545454546,0.875,0.9130434782608696,48.0,AraBERT_E2_seed_2026,AraBERT_E2_seed_2026,AraBERTv2-base,E2,2026
التعبئة عن طريق البطاقة,11,0.4528301886792453,0.5,0.4752475247524752,48.0,AraBERT_E2_seed_2026,AraBERT_E2_seed_2026,AraBERTv2-base,E2,2026
التعبئة عن طريق شحن البطاقة,12,0.7948717948717948,0.7380952380952381,0.7654320987654321,42.0,AraBERT_E2_seed_2026,AraBERT_E2_seed_2026,AraBERTv2-base,E2,2026
الحصول على بطاقة احتياطية,13,0.5689655172413793,0.825,0.673469387755102,40.0,AraBERT_E2_seed_2026,AraBERT_E2_seed_2026,AraBERTv2-base,E2,2026
الحصول على بطاقة افتراضية,14,0.5862068965517241,0.7391304347826086,0.6538461538461539,46.0,AraBERT_E2_seed_2026,AraBERT_E2_seed_2026,AraBERTv2-base,E2,2026
الحصول على بطاقة افتراضية يمكن التخلص منها,15,0.6071428571428571,0.3148148148148148,0.4146341463414634,54.0,AraBERT_E2_seed_2026,AraBERT_E2_seed_2026,AraBERTv2-base,E2,2026
الحصول على بطاقة فعلية,16,0.85,0.85,0.85,40.0,AraBERT_E2_seed_2026,AraBERT_E2_seed_2026,AraBERTv2-base,E2,2026
الدفع المباشر للدين غير معروف,17,0.775,0.6078431372549019,0.6813186813186813,51.0,AraBERT_E2_seed_2026,AraBERT_E2_seed_2026,AraBERTv2-base,E2,2026
الدفع بالبطاقة المعلق,18,0.8285714285714286,0.5471698113207547,0.6590909090909091,53.0,AraBERT_E2_seed_2026,AraBERT_E2_seed_2026,AraBERTv2-base,E2,2026
الدفع بالبطاقة غير معترف به,19,0.7407407407407407,0.5,0.5970149253731343,40.0,AraBERT_E2_seed_2026,AraBERT_E2_seed_2026,AraBERTv2-base,E2,2026
السحب النقدي غير معترف به,20,0.6530612244897959,0.7804878048780488,0.7111111111111111,41.0,AraBERT_E2_seed_2026,AraBERT_E2_seed_2026,AraBERTv2-base,E2,2026
الصرف عبر التطبيق,21,0.875,0.7,0.7777777777777778,40.0,AraBERT_E2_seed_2026,AraBERT_E2_seed_2026,AraBERTv2-base,E2,2026
المستفيد غير مسموح به,22,0.6727272727272727,0.7254901960784313,0.6981132075471698,51.0,AraBERT_E2_seed_2026,AraBERT_E2_seed_2026,AraBERTv2-base,E2,2026
الهاتف المفقود أو المسروق,23,0.8536585365853658,0.8536585365853658,0.8536585365853658,41.0,AraBERT_E2_seed_2026,AraBERT_E2_seed_2026,AraBERTv2-base,E2,2026
انتظار التحويل,24,0.5641025641025641,0.5238095238095238,0.5432098765432098,42.0,AraBERT_E2_seed_2026,AraBERT_E2_seed_2026,AraBERTv2-base,E2,2026
انهاء حساب,25,0.8428571428571429,0.8805970149253731,0.8613138686131386,67.0,AraBERT_E2_seed_2026,AraBERT_E2_seed_2026,AraBERTv2-base,E2,2026
بطاقة على وشك الانتهاء,26,0.902439024390244,0.8809523809523809,0.891566265060241,42.0,AraBERT_E2_seed_2026,AraBERT_E2_seed_2026,AraBERTv2-base,E2,2026
بطاقة مخترقة,27,0.5,0.575,0.5348837209302325,40.0,AraBERT_E2_seed_2026,AraBERT_E2_seed_2026,AraBERTv2-base,E2,2026
تحرير التفاصيل الشخصية,28,0.8235294117647058,0.9333333333333332,0.875,45.0,AraBERT_E2_seed_2026,AraBERT_E2_seed_2026,AraBERTv2-base,E2,2026
تحصيل رسوم التحويل,29,0.5272727272727272,0.725,0.6105263157894737,40.0,AraBERT_E2_seed_2026,AraBERT_E2_seed_2026,AraBERTv2-base,E2,2026
تحقق من تعبئة الرصيد,30,0.95,0.8636363636363636,0.9047619047619048,44.0,AraBERT_E2_seed_2026,AraBERT_E2_seed_2026,AraBERTv2-base,E2,2026
تحقق من هويتي,31,0.7272727272727273,0.8,0.7619047619047619,40.0,AraBERT_E2_seed_2026,AraBERT_E2_seed_2026,AraBERTv2-base,E2,2026
تعبئة الرصيد نقدًا أو بشيك,32,0.6666666666666666,0.7096774193548387,0.6875,62.0,AraBERT_E2_seed_2026,AraBERT_E2_seed_2026,AraBERTv2-base,E2,2026
تعبئة تلقائية,33,0.8095238095238095,0.8360655737704918,0.8225806451612904,61.0,AraBERT_E2_seed_2026,AraBERT_E2_seed_2026,AraBERTv2-base,E2,2026
تغيير رمز التعريف الشخصي,34,0.9565217391304348,0.88,0.9166666666666666,50.0,AraBERT_E2_seed_2026,AraBERT_E2_seed_2026,AraBERTv2-base,E2,2026
تفعيل بطاقتي,35,0.9285714285714286,0.5909090909090909,0.7222222222222222,44.0,AraBERT_E2_seed_2026,AraBERT_E2_seed_2026,AraBERTv2-base,E2,2026
تقدير تسليم البطاقة,36,0.7073170731707317,0.6904761904761905,0.6987951807228916,42.0,AraBERT_E2_seed_2026,AraBERT_E2_seed_2026,AraBERTv2-base,E2,2026
تلقي الأموال,37,0.8181818181818182,0.8490566037735849,0.8333333333333334,53.0,AraBERT_E2_seed_2026,AraBERT_E2_seed_2026,AraBERTv2-base,E2,2026
تلقي مبلغ خاطئ من النقد,38,0.8490566037735849,0.8653846153846154,0.8571428571428571,52.0,AraBERT_E2_seed_2026,AraBERT_E2_seed_2026,AraBERTv2-base,E2,2026
تم التحصيل مرتين,39,0.8448275862068966,0.9245283018867924,0.8828828828828829,53.0,AraBERT_E2_seed_2026,AraBERT_E2_seed_2026,AraBERTv2-base,E2,2026
تم تحصيل رسوم الدفع بالبطاقة,40,0.6282051282051282,0.7903225806451613,0.7,62.0,AraBERT_E2_seed_2026,AraBERT_E2_seed_2026,AraBERTv2-base,E2,2026
تم رفض الدفع بالبطاقة,41,0.6486486486486487,0.6,0.6233766233766234,40.0,AraBERT_E2_seed_2026,AraBERT_E2_seed_2026,AraBERTv2-base,E2,2026
توقيت التحويل,42,0.6181818181818182,0.85,0.7157894736842105,40.0,AraBERT_E2_seed_2026,AraBERT_E2_seed_2026,AraBERTv2-base,E2,2026
حد السن,43,0.9333333333333332,0.9333333333333332,0.9333333333333332,45.0,AraBERT_E2_seed_2026,AraBERT_E2_seed_2026,AraBERTv2-base,E2,2026
حدود البطاقة التي يمكن التخلص منها,44,0.8571428571428571,0.75,0.8,48.0,AraBERT_E2_seed_2026,AraBERT_E2_seed_2026,AraBERTv2-base,E2,2026
حدود التعبئة,45,0.875,0.7924528301886793,0.8316831683168316,53.0,AraBERT_E2_seed_2026,AraBERT_E2_seed_2026,AraBERTv2-base,E2,2026
دعم أجهزة الصراف الآلي,46,0.7872340425531915,0.902439024390244,0.8409090909090909,41.0,AraBERT_E2_seed_2026,AraBERT_E2_seed_2026,AraBERTv2-base,E2,2026
دعم البلد,47,0.8780487804878049,0.9,0.8888888888888888,40.0,AraBERT_E2_seed_2026,AraBERT_E2_seed_2026,AraBERTv2-base,E2,2026
دعم العملات الورقية,48,0.5689655172413793,0.7333333333333333,0.6407766990291263,45.0,AraBERT_E2_seed_2026,AraBERT_E2_seed_2026,AraBERTv2-base,E2,2026
ربط البطاقة,49,0.7966101694915254,0.8703703703703703,0.831858407079646,54.0,AraBERT_E2_seed_2026,AraBERT_E2_seed_2026,AraBERTv2-base,E2,2026
رسوم إضافية على كشف الحساب,50,0.8787878787878788,0.725,0.7945205479452054,40.0,AraBERT_E2_seed_2026,AraBERT_E2_seed_2026,AraBERTv2-base,E2,2026
رسوم السحب النقدي,51,0.6666666666666666,0.6976744186046512,0.6818181818181818,43.0,AraBERT_E2_seed_2026,AraBERT_E2_seed_2026,AraBERTv2-base,E2,2026
رسوم الصرف,52,0.8666666666666667,0.5909090909090909,0.7027027027027027,44.0,AraBERT_E2_seed_2026,AraBERT_E2_seed_2026,AraBERTv2-base,E2,2026
رفض التحويل,53,0.8846153846153846,0.5111111111111111,0.647887323943662,45.0,AraBERT_E2_seed_2026,AraBERT_E2_seed_2026,AraBERTv2-base,E2,2026
رفض السحب النقدي,54,0.7346938775510204,0.7659574468085106,0.75,47.0,AraBERT_E2_seed_2026,AraBERT_E2_seed_2026,AraBERTv2-base,E2,2026
رمز التعريف الشخصي محظور,55,0.7631578947368421,0.725,0.7435897435897436,40.0,AraBERT_E2_seed_2026,AraBERT_E2_seed_2026,AraBERTv2-base,E2,2026
سعر الصرف,56,0.8333333333333334,0.875,0.8536585365853658,40.0,AraBERT_E2_seed_2026,AraBERT_E2_seed_2026,AraBERTv2-base,E2,2026
سعر الصرف الخاطئ للدفع بالبطاقة,57,0.7719298245614035,0.7857142857142857,0.7787610619469026,56.0,AraBERT_E2_seed_2026,AraBERT_E2_seed_2026,AraBERTv2-base,E2,2026
سعر صرف خاطئ للسحب النقدي,58,0.8235294117647058,0.6666666666666666,0.7368421052631579,42.0,AraBERT_E2_seed_2026,AraBERT_E2_seed_2026,AraBERTv2-base,E2,2026
طلب استرداد,59,0.8055555555555556,0.725,0.7631578947368421,40.0,AraBERT_E2_seed_2026,AraBERT_E2_seed_2026,AraBERTv2-base,E2,2026
طلب بطاقة فعلية,60,0.6865671641791045,0.8214285714285714,0.7479674796747967,56.0,AraBERT_E2_seed_2026,AraBERT_E2_seed_2026,AraBERTv2-base,E2,2026
عادت تعبئة الرصيد,61,0.5531914893617021,0.6190476190476191,0.5842696629213483,42.0,AraBERT_E2_seed_2026,AraBERT_E2_seed_2026,AraBERTv2-base,E2,2026
عدم التلامس لا يعمل,62,0.9210526315789472,0.7446808510638298,0.8235294117647058,47.0,AraBERT_E2_seed_2026,AraBERT_E2_seed_2026,AraBERTv2-base,E2,2026
غير قادر على التحقق من الهوية,63,0.8048780487804879,0.8048780487804879,0.8048780487804879,41.0,AraBERT_E2_seed_2026,AraBERT_E2_seed_2026,AraBERTv2-base,E2,2026
فشل التحويل,64,0.7368421052631579,0.4912280701754385,0.5894736842105263,57.0,AraBERT_E2_seed_2026,AraBERT_E2_seed_2026,AraBERTv2-base,E2,2026
فشل التعبئة,65,0.78125,0.5208333333333334,0.625,48.0,AraBERT_E2_seed_2026,AraBERT_E2_seed_2026,AraBERTv2-base,E2,2026
في انتظار التعبئة,66,0.6447368421052632,0.7538461538461538,0.6950354609929078,65.0,AraBERT_E2_seed_2026,AraBERT_E2_seed_2026,AraBERTv2-base,E2,2026
في انتظار السحب النقدي,67,0.9411764705882352,0.6857142857142857,0.7933884297520661,70.0,AraBERT_E2_seed_2026,AraBERT_E2_seed_2026,AraBERTv2-base,E2,2026
فيزا أو ماستر كارد,68,0.8409090909090909,0.902439024390244,0.8705882352941177,41.0,AraBERT_E2_seed_2026,AraBERT_E2_seed_2026,AraBERTv2-base,E2,2026
قبول البطاقة,69,0.7368421052631579,0.7,0.717948717948718,40.0,AraBERT_E2_seed_2026,AraBERT_E2_seed_2026,AraBERTv2-base,E2,2026
لم يتم تحديث الرصيد بعد التحويل المصرفي,70,0.6538461538461539,0.7083333333333334,0.68,48.0,AraBERT_E2_seed_2026,AraBERT_E2_seed_2026,AraBERTv2-base,E2,2026
لم يتم تحديث الرصيد بعد الشيك أو الإيداع النقدي,71,0.8,0.7,0.7466666666666667,40.0,AraBERT_E2_seed_2026,AraBERT_E2_seed_2026,AraBERTv2-base,E2,2026
لم يستلم المستلم التحويل,72,0.5352112676056338,0.8260869565217391,0.6495726495726496,46.0,AraBERT_E2_seed_2026,AraBERT_E2_seed_2026,AraBERTv2-base,E2,2026
لماذا التحقق من الهوية,73,0.6944444444444444,0.6097560975609756,0.6493506493506493,41.0,AraBERT_E2_seed_2026,AraBERT_E2_seed_2026,AraBERTv2-base,E2,2026
نسيان رمز المرور,74,0.8717948717948718,0.85,0.8607594936708861,40.0,AraBERT_E2_seed_2026,AraBERT_E2_seed_2026,AraBERTv2-base,E2,2026
نقل إلى الحساب,75,0.7727272727272727,0.864406779661017,0.816,59.0,AraBERT_E2_seed_2026,AraBERT_E2_seed_2026,AraBERTv2-base,E2,2026
وصول البطاقة,76,0.5,0.8048780487804879,0.616822429906542,41.0,AraBERT_E2_seed_2026,AraBERT_E2_seed_2026,AraBERTv2-base,E2,2026
آبل باي أو جوجل باي,0,0.8604651162790697,0.8809523809523809,0.8705882352941177,42.0,AraBERT_E3_seed_42,AraBERT_E3_seed_42,AraBERTv2-base,E3,42
إرجاع الدفع بالبطاقة؟,1,0.4857142857142857,0.7391304347826086,0.5862068965517241,46.0,AraBERT_E3_seed_42,AraBERT_E3_seed_42,AraBERTv2-base,E3,42
إعادة الشحن عن طريق رسوم التحويل المصرفي,2,0.5967741935483871,0.6981132075471698,0.6434782608695652,53.0,AraBERT_E3_seed_42,AraBERT_E3_seed_42,AraBERTv2-base,E3,42
إلغاء التحويل,3,0.8717948717948718,0.85,0.8607594936708861,40.0,AraBERT_E3_seed_42,AraBERT_E3_seed_42,AraBERTv2-base,E3,42
ابتلاع البطاقة,4,0.8846153846153846,0.575,0.696969696969697,40.0,AraBERT_E3_seed_42,AraBERT_E3_seed_42,AraBERTv2-base,E3,42
استرداد الأموال غير مرئي,5,0.7368421052631579,0.7,0.717948717948718,40.0,AraBERT_E3_seed_42,AraBERT_E3_seed_42,AraBERTv2-base,E3,42
البطاقات والعملات المدعومة,6,0.7941176470588235,0.627906976744186,0.7012987012987013,43.0,AraBERT_E3_seed_42,AraBERT_E3_seed_42,AraBERTv2-base,E3,42
البطاقة الافتراضية لا تعمل,7,0.9411764705882352,0.3636363636363636,0.5245901639344263,44.0,AraBERT_E3_seed_42,AraBERT_E3_seed_42,AraBERTv2-base,E3,42
البطاقة المفقودة أو المسروقة,8,0.7272727272727273,0.6037735849056604,0.6597938144329897,53.0,AraBERT_E3_seed_42,AraBERT_E3_seed_42,AraBERTv2-base,E3,42
البطاقة لا تعمل,9,0.5238095238095238,0.825,0.6407766990291263,40.0,AraBERT_E3_seed_42,AraBERT_E3_seed_42,AraBERTv2-base,E3,42
التحقق من مصدر الأموال,10,0.951219512195122,0.8125,0.8764044943820225,48.0,AraBERT_E3_seed_42,AraBERT_E3_seed_42,AraBERTv2-base,E3,42
التعبئة عن طريق البطاقة,11,0.8,0.3333333333333333,0.4705882352941176,48.0,AraBERT_E3_seed_42,AraBERT_E3_seed_42,AraBERTv2-base,E3,42
التعبئة عن طريق شحن البطاقة,12,0.9166666666666666,0.7857142857142857,0.8461538461538461,42.0,AraBERT_E3_seed_42,AraBERT_E3_seed_42,AraBERTv2-base,E3,42
الحصول على بطاقة احتياطية,13,0.7333333333333333,0.825,0.7764705882352941,40.0,AraBERT_E3_seed_42,AraBERT_E3_seed_42,AraBERTv2-base,E3,42
الحصول على بطاقة افتراضية,14,0.5689655172413793,0.717391304347826,0.6346153846153846,46.0,AraBERT_E3_seed_42,AraBERT_E3_seed_42,AraBERTv2-base,E3,42
الحصول على بطاقة افتراضية يمكن التخلص منها,15,0.5238095238095238,0.2037037037037037,0.2933333333333333,54.0,AraBERT_E3_seed_42,AraBERT_E3_seed_42,AraBERTv2-base,E3,42
الحصول على بطاقة فعلية,16,0.8,0.9,0.8470588235294118,40.0,AraBERT_E3_seed_42,AraBERT_E3_seed_42,AraBERTv2-base,E3,42
الدفع المباشر للدين غير معروف,17,0.775,0.6078431372549019,0.6813186813186813,51.0,AraBERT_E3_seed_42,AraBERT_E3_seed_42,AraBERTv2-base,E3,42
الدفع بالبطاقة المعلق,18,0.7857142857142857,0.6226415094339622,0.6947368421052632,53.0,AraBERT_E3_seed_42,AraBERT_E3_seed_42,AraBERTv2-base,E3,42
الدفع بالبطاقة غير معترف به,19,0.5,0.525,0.5121951219512195,40.0,AraBERT_E3_seed_42,AraBERT_E3_seed_42,AraBERTv2-base,E3,42
السحب النقدي غير معترف به,20,0.6086956521739131,0.6829268292682927,0.6436781609195402,41.0,AraBERT_E3_seed_42,AraBERT_E3_seed_42,AraBERTv2-base,E3,42
الصرف عبر التطبيق,21,0.6153846153846154,0.8,0.6956521739130435,40.0,AraBERT_E3_seed_42,AraBERT_E3_seed_42,AraBERTv2-base,E3,42
المستفيد غير مسموح به,22,0.717391304347826,0.6470588235294118,0.6804123711340206,51.0,AraBERT_E3_seed_42,AraBERT_E3_seed_42,AraBERTv2-base,E3,42
الهاتف المفقود أو المسروق,23,0.8444444444444444,0.926829268292683,0.8837209302325582,41.0,AraBERT_E3_seed_42,AraBERT_E3_seed_42,AraBERTv2-base,E3,42
انتظار التحويل,24,0.6451612903225806,0.4761904761904761,0.547945205479452,42.0,AraBERT_E3_seed_42,AraBERT_E3_seed_42,AraBERTv2-base,E3,42
انهاء حساب,25,0.8813559322033898,0.7761194029850746,0.8253968253968254,67.0,AraBERT_E3_seed_42,AraBERT_E3_seed_42,AraBERTv2-base,E3,42
بطاقة على وشك الانتهاء,26,0.8378378378378378,0.7380952380952381,0.7848101265822784,42.0,AraBERT_E3_seed_42,AraBERT_E3_seed_42,AraBERTv2-base,E3,42
بطاقة مخترقة,27,0.631578947368421,0.6,0.6153846153846154,40.0,AraBERT_E3_seed_42,AraBERT_E3_seed_42,AraBERTv2-base,E3,42
تحرير التفاصيل الشخصية,28,0.8367346938775511,0.9111111111111112,0.8723404255319149,45.0,AraBERT_E3_seed_42,AraBERT_E3_seed_42,AraBERTv2-base,E3,42
تحصيل رسوم التحويل,29,0.6585365853658537,0.675,0.6666666666666666,40.0,AraBERT_E3_seed_42,AraBERT_E3_seed_42,AraBERTv2-base,E3,42
تحقق من تعبئة الرصيد,30,0.9444444444444444,0.7727272727272727,0.85,44.0,AraBERT_E3_seed_42,AraBERT_E3_seed_42,AraBERTv2-base,E3,42
تحقق من هويتي,31,0.7804878048780488,0.8,0.7901234567901234,40.0,AraBERT_E3_seed_42,AraBERT_E3_seed_42,AraBERTv2-base,E3,42
تعبئة الرصيد نقدًا أو بشيك,32,0.7058823529411765,0.7741935483870968,0.7384615384615385,62.0,AraBERT_E3_seed_42,AraBERT_E3_seed_42,AraBERTv2-base,E3,42
تعبئة تلقائية,33,0.9074074074074074,0.8032786885245902,0.8521739130434782,61.0,AraBERT_E3_seed_42,AraBERT_E3_seed_42,AraBERTv2-base,E3,42
تغيير رمز التعريف الشخصي,34,0.875,0.84,0.8571428571428571,50.0,AraBERT_E3_seed_42,AraBERT_E3_seed_42,AraBERTv2-base,E3,42
تفعيل بطاقتي,35,0.9629629629629628,0.5909090909090909,0.7323943661971831,44.0,AraBERT_E3_seed_42,AraBERT_E3_seed_42,AraBERTv2-base,E3,42
تقدير تسليم البطاقة,36,0.6938775510204082,0.8095238095238095,0.7472527472527473,42.0,AraBERT_E3_seed_42,AraBERT_E3_seed_42,AraBERTv2-base,E3,42
تلقي الأموال,37,0.4946236559139785,0.8679245283018868,0.6301369863013698,53.0,AraBERT_E3_seed_42,AraBERT_E3_seed_42,AraBERTv2-base,E3,42
تلقي مبلغ خاطئ من النقد,38,0.6285714285714286,0.8461538461538461,0.7213114754098361,52.0,AraBERT_E3_seed_42,AraBERT_E3_seed_42,AraBERTv2-base,E3,42
تم التحصيل مرتين,39,0.8166666666666667,0.9245283018867924,0.8672566371681416,53.0,AraBERT_E3_seed_42,AraBERT_E3_seed_42,AraBERTv2-base,E3,42
تم تحصيل رسوم الدفع بالبطاقة,40,0.7419354838709677,0.7419354838709677,0.7419354838709677,62.0,AraBERT_E3_seed_42,AraBERT_E3_seed_42,AraBERTv2-base,E3,42
تم رفض الدفع بالبطاقة,41,0.696969696969697,0.575,0.6301369863013698,40.0,AraBERT_E3_seed_42,AraBERT_E3_seed_42,AraBERTv2-base,E3,42
توقيت التحويل,42,0.576271186440678,0.85,0.6868686868686869,40.0,AraBERT_E3_seed_42,AraBERT_E3_seed_42,AraBERTv2-base,E3,42
حد السن,43,0.8936170212765957,0.9333333333333332,0.9130434782608696,45.0,AraBERT_E3_seed_42,AraBERT_E3_seed_42,AraBERTv2-base,E3,42
حدود البطاقة التي يمكن التخلص منها,44,0.8421052631578947,0.6666666666666666,0.7441860465116279,48.0,AraBERT_E3_seed_42,AraBERT_E3_seed_42,AraBERTv2-base,E3,42
حدود التعبئة,45,0.8541666666666666,0.7735849056603774,0.8118811881188119,53.0,AraBERT_E3_seed_42,AraBERT_E3_seed_42,AraBERTv2-base,E3,42
دعم أجهزة الصراف الآلي,46,0.8085106382978723,0.926829268292683,0.8636363636363636,41.0,AraBERT_E3_seed_42,AraBERT_E3_seed_42,AraBERTv2-base,E3,42
دعم البلد,47,0.9047619047619048,0.95,0.926829268292683,40.0,AraBERT_E3_seed_42,AraBERT_E3_seed_42,AraBERTv2-base,E3,42
دعم العملات الورقية,48,0.7297297297297297,0.6,0.6585365853658537,45.0,AraBERT_E3_seed_42,AraBERT_E3_seed_42,AraBERTv2-base,E3,42
ربط البطاقة,49,0.7868852459016393,0.8888888888888888,0.8347826086956521,54.0,AraBERT_E3_seed_42,AraBERT_E3_seed_42,AraBERTv2-base,E3,42
رسوم إضافية على كشف الحساب,50,0.725,0.725,0.725,40.0,AraBERT_E3_seed_42,AraBERT_E3_seed_42,AraBERTv2-base,E3,42
رسوم السحب النقدي,51,0.7380952380952381,0.7209302325581395,0.7294117647058823,43.0,AraBERT_E3_seed_42,AraBERT_E3_seed_42,AraBERTv2-base,E3,42
رسوم الصرف,52,0.8666666666666667,0.5909090909090909,0.7027027027027027,44.0,AraBERT_E3_seed_42,AraBERT_E3_seed_42,AraBERTv2-base,E3,42
رفض التحويل,53,0.76,0.4222222222222222,0.5428571428571428,45.0,AraBERT_E3_seed_42,AraBERT_E3_seed_42,AraBERTv2-base,E3,42
رفض السحب النقدي,54,0.7441860465116279,0.6808510638297872,0.7111111111111111,47.0,AraBERT_E3_seed_42,AraBERT_E3_seed_42,AraBERTv2-base,E3,42
رمز التعريف الشخصي محظور,55,0.8666666666666667,0.65,0.7428571428571429,40.0,AraBERT_E3_seed_42,AraBERT_E3_seed_42,AraBERTv2-base,E3,42
سعر الصرف,56,0.8260869565217391,0.95,0.8837209302325582,40.0,AraBERT_E3_seed_42,AraBERT_E3_seed_42,AraBERTv2-base,E3,42
سعر الصرف الخاطئ للدفع بالبطاقة,57,0.8301886792452831,0.7857142857142857,0.8073394495412844,56.0,AraBERT_E3_seed_42,AraBERT_E3_seed_42,AraBERTv2-base,E3,42
سعر صرف خاطئ للسحب النقدي,58,0.8571428571428571,0.7142857142857143,0.7792207792207793,42.0,AraBERT_E3_seed_42,AraBERT_E3_seed_42,AraBERTv2-base,E3,42
طلب استرداد,59,0.7837837837837838,0.725,0.7532467532467533,40.0,AraBERT_E3_seed_42,AraBERT_E3_seed_42,AraBERTv2-base,E3,42
طلب بطاقة فعلية,60,0.5116279069767442,0.7857142857142857,0.6197183098591549,56.0,AraBERT_E3_seed_42,AraBERT_E3_seed_42,AraBERTv2-base,E3,42
عادت تعبئة الرصيد,61,0.7586206896551724,0.5238095238095238,0.6197183098591549,42.0,AraBERT_E3_seed_42,AraBERT_E3_seed_42,AraBERTv2-base,E3,42
عدم التلامس لا يعمل,62,0.9696969696969696,0.6808510638297872,0.8,47.0,AraBERT_E3_seed_42,AraBERT_E3_seed_42,AraBERTv2-base,E3,42
غير قادر على التحقق من الهوية,63,0.7894736842105263,0.7317073170731707,0.759493670886076,41.0,AraBERT_E3_seed_42,AraBERT_E3_seed_42,AraBERTv2-base,E3,42
فشل التحويل,64,0.7083333333333334,0.5964912280701754,0.6476190476190476,57.0,AraBERT_E3_seed_42,AraBERT_E3_seed_42,AraBERTv2-base,E3,42
فشل التعبئة,65,0.6222222222222222,0.5833333333333334,0.6021505376344086,48.0,AraBERT_E3_seed_42,AraBERT_E3_seed_42,AraBERTv2-base,E3,42
في انتظار التعبئة,66,0.532608695652174,0.7538461538461538,0.6242038216560509,65.0,AraBERT_E3_seed_42,AraBERT_E3_seed_42,AraBERTv2-base,E3,42
في انتظار السحب النقدي,67,0.8852459016393442,0.7714285714285715,0.8244274809160306,70.0,AraBERT_E3_seed_42,AraBERT_E3_seed_42,AraBERTv2-base,E3,42
فيزا أو ماستر كارد,68,0.8571428571428571,0.8780487804878049,0.8674698795180723,41.0,AraBERT_E3_seed_42,AraBERT_E3_seed_42,AraBERTv2-base,E3,42
قبول البطاقة,69,0.75,0.675,0.7105263157894737,40.0,AraBERT_E3_seed_42,AraBERT_E3_seed_42,AraBERTv2-base,E3,42
لم يتم تحديث الرصيد بعد التحويل المصرفي,70,0.6,0.6875,0.6407766990291263,48.0,AraBERT_E3_seed_42,AraBERT_E3_seed_42,AraBERTv2-base,E3,42
لم يتم تحديث الرصيد بعد الشيك أو الإيداع النقدي,71,0.90625,0.725,0.8055555555555556,40.0,AraBERT_E3_seed_42,AraBERT_E3_seed_42,AraBERTv2-base,E3,42
لم يستلم المستلم التحويل,72,0.4352941176470588,0.8043478260869565,0.5648854961832062,46.0,AraBERT_E3_seed_42,AraBERT_E3_seed_42,AraBERTv2-base,E3,42
لماذا التحقق من الهوية,73,0.6829268292682927,0.6829268292682927,0.6829268292682927,41.0,AraBERT_E3_seed_42,AraBERT_E3_seed_42,AraBERTv2-base,E3,42
نسيان رمز المرور,74,0.9142857142857144,0.8,0.8533333333333334,40.0,AraBERT_E3_seed_42,AraBERT_E3_seed_42,AraBERTv2-base,E3,42
نقل إلى الحساب,75,0.6710526315789473,0.864406779661017,0.7555555555555555,59.0,AraBERT_E3_seed_42,AraBERT_E3_seed_42,AraBERTv2-base,E3,42
وصول البطاقة,76,0.4666666666666667,0.8536585365853658,0.603448275862069,41.0,AraBERT_E3_seed_42,AraBERT_E3_seed_42,AraBERTv2-base,E3,42
آبل باي أو جوجل باي,0,0.8444444444444444,0.9047619047619048,0.8735632183908046,42.0,AraBERT_E3_seed_123,AraBERT_E3_seed_123,AraBERTv2-base,E3,123
إرجاع الدفع بالبطاقة؟,1,0.543859649122807,0.6739130434782609,0.6019417475728155,46.0,AraBERT_E3_seed_123,AraBERT_E3_seed_123,AraBERTv2-base,E3,123
إعادة الشحن عن طريق رسوم التحويل المصرفي,2,0.7254901960784313,0.6981132075471698,0.7115384615384616,53.0,AraBERT_E3_seed_123,AraBERT_E3_seed_123,AraBERTv2-base,E3,123
إلغاء التحويل,3,0.7708333333333334,0.925,0.8409090909090909,40.0,AraBERT_E3_seed_123,AraBERT_E3_seed_123,AraBERTv2-base,E3,123
ابتلاع البطاقة,4,0.9310344827586208,0.675,0.782608695652174,40.0,AraBERT_E3_seed_123,AraBERT_E3_seed_123,AraBERTv2-base,E3,123
استرداد الأموال غير مرئي,5,0.7567567567567568,0.7,0.7272727272727273,40.0,AraBERT_E3_seed_123,AraBERT_E3_seed_123,AraBERTv2-base,E3,123
البطاقات والعملات المدعومة,6,0.8095238095238095,0.7906976744186046,0.8,43.0,AraBERT_E3_seed_123,AraBERT_E3_seed_123,AraBERTv2-base,E3,123
البطاقة الافتراضية لا تعمل,7,0.8333333333333334,0.4545454545454545,0.5882352941176471,44.0,AraBERT_E3_seed_123,AraBERT_E3_seed_123,AraBERTv2-base,E3,123
البطاقة المفقودة أو المسروقة,8,0.8421052631578947,0.6037735849056604,0.7032967032967034,53.0,AraBERT_E3_seed_123,AraBERT_E3_seed_123,AraBERTv2-base,E3,123
البطاقة لا تعمل,9,0.5,0.85,0.6296296296296297,40.0,AraBERT_E3_seed_123,AraBERT_E3_seed_123,AraBERTv2-base,E3,123
التحقق من مصدر الأموال,10,0.8863636363636364,0.8125,0.8478260869565217,48.0,AraBERT_E3_seed_123,AraBERT_E3_seed_123,AraBERTv2-base,E3,123
التعبئة عن طريق البطاقة,11,0.5625,0.375,0.45,48.0,AraBERT_E3_seed_123,AraBERT_E3_seed_123,AraBERTv2-base,E3,123
التعبئة عن طريق شحن البطاقة,12,0.8604651162790697,0.8809523809523809,0.8705882352941177,42.0,AraBERT_E3_seed_123,AraBERT_E3_seed_123,AraBERTv2-base,E3,123
الحصول على بطاقة احتياطية,13,0.5892857142857143,0.825,0.6875,40.0,AraBERT_E3_seed_123,AraBERT_E3_seed_123,AraBERTv2-base,E3,123
الحصول على بطاقة افتراضية,14,0.5789473684210527,0.717391304347826,0.6407766990291263,46.0,AraBERT_E3_seed_123,AraBERT_E3_seed_123,AraBERTv2-base,E3,123
الحصول على بطاقة افتراضية يمكن التخلص منها,15,0.5625,0.1666666666666666,0.2571428571428571,54.0,AraBERT_E3_seed_123,AraBERT_E3_seed_123,AraBERTv2-base,E3,123
الحصول على بطاقة فعلية,16,0.7906976744186046,0.85,0.8192771084337349,40.0,AraBERT_E3_seed_123,AraBERT_E3_seed_123,AraBERTv2-base,E3,123
الدفع المباشر للدين غير معروف,17,0.825,0.6470588235294118,0.7252747252747253,51.0,AraBERT_E3_seed_123,AraBERT_E3_seed_123,AraBERTv2-base,E3,123
الدفع بالبطاقة المعلق,18,0.64,0.6037735849056604,0.6213592233009708,53.0,AraBERT_E3_seed_123,AraBERT_E3_seed_123,AraBERTv2-base,E3,123
الدفع بالبطاقة غير معترف به,19,0.5135135135135135,0.475,0.4935064935064935,40.0,AraBERT_E3_seed_123,AraBERT_E3_seed_123,AraBERTv2-base,E3,123
السحب النقدي غير معترف به,20,0.7021276595744681,0.8048780487804879,0.75,41.0,AraBERT_E3_seed_123,AraBERT_E3_seed_123,AraBERTv2-base,E3,123
الصرف عبر التطبيق,21,0.6326530612244898,0.775,0.6966292134831461,40.0,AraBERT_E3_seed_123,AraBERT_E3_seed_123,AraBERTv2-base,E3,123
المستفيد غير مسموح به,22,0.6229508196721312,0.7450980392156863,0.6785714285714286,51.0,AraBERT_E3_seed_123,AraBERT_E3_seed_123,AraBERTv2-base,E3,123
الهاتف المفقود أو المسروق,23,0.8,0.8780487804878049,0.8372093023255814,41.0,AraBERT_E3_seed_123,AraBERT_E3_seed_123,AraBERTv2-base,E3,123
انتظار التحويل,24,0.631578947368421,0.5714285714285714,0.6,42.0,AraBERT_E3_seed_123,AraBERT_E3_seed_123,AraBERTv2-base,E3,123
انهاء حساب,25,0.859375,0.8208955223880597,0.8396946564885496,67.0,AraBERT_E3_seed_123,AraBERT_E3_seed_123,AraBERTv2-base,E3,123
بطاقة على وشك الانتهاء,26,0.8717948717948718,0.8095238095238095,0.8395061728395061,42.0,AraBERT_E3_seed_123,AraBERT_E3_seed_123,AraBERTv2-base,E3,123
بطاقة مخترقة,27,0.6216216216216216,0.575,0.5974025974025974,40.0,AraBERT_E3_seed_123,AraBERT_E3_seed_123,AraBERTv2-base,E3,123
تحرير التفاصيل الشخصية,28,0.851063829787234,0.8888888888888888,0.8695652173913043,45.0,AraBERT_E3_seed_123,AraBERT_E3_seed_123,AraBERTv2-base,E3,123
تحصيل رسوم التحويل,29,0.5818181818181818,0.8,0.6736842105263158,40.0,AraBERT_E3_seed_123,AraBERT_E3_seed_123,AraBERTv2-base,E3,123
تحقق من تعبئة الرصيد,30,0.9534883720930232,0.9318181818181818,0.942528735632184,44.0,AraBERT_E3_seed_123,AraBERT_E3_seed_123,AraBERTv2-base,E3,123
تحقق من هويتي,31,0.7045454545454546,0.775,0.7380952380952381,40.0,AraBERT_E3_seed_123,AraBERT_E3_seed_123,AraBERTv2-base,E3,123
تعبئة الرصيد نقدًا أو بشيك,32,0.6285714285714286,0.7096774193548387,0.6666666666666666,62.0,AraBERT_E3_seed_123,AraBERT_E3_seed_123,AraBERTv2-base,E3,123
تعبئة تلقائية,33,0.8,0.8524590163934426,0.8253968253968254,61.0,AraBERT_E3_seed_123,AraBERT_E3_seed_123,AraBERTv2-base,E3,123
تغيير رمز التعريف الشخصي,34,0.9166666666666666,0.88,0.8979591836734694,50.0,AraBERT_E3_seed_123,AraBERT_E3_seed_123,AraBERTv2-base,E3,123
تفعيل بطاقتي,35,0.8387096774193549,0.5909090909090909,0.6933333333333334,44.0,AraBERT_E3_seed_123,AraBERT_E3_seed_123,AraBERTv2-base,E3,123
تقدير تسليم البطاقة,36,0.717948717948718,0.6666666666666666,0.691358024691358,42.0,AraBERT_E3_seed_123,AraBERT_E3_seed_123,AraBERTv2-base,E3,123
تلقي الأموال,37,0.7017543859649122,0.7547169811320755,0.7272727272727273,53.0,AraBERT_E3_seed_123,AraBERT_E3_seed_123,AraBERTv2-base,E3,123
تلقي مبلغ خاطئ من النقد,38,0.7333333333333333,0.8461538461538461,0.7857142857142857,52.0,AraBERT_E3_seed_123,AraBERT_E3_seed_123,AraBERTv2-base,E3,123
تم التحصيل مرتين,39,0.8,0.9056603773584906,0.8495575221238938,53.0,AraBERT_E3_seed_123,AraBERT_E3_seed_123,AraBERTv2-base,E3,123
تم تحصيل رسوم الدفع بالبطاقة,40,0.7931034482758621,0.7419354838709677,0.7666666666666667,62.0,AraBERT_E3_seed_123,AraBERT_E3_seed_123,AraBERTv2-base,E3,123
تم رفض الدفع بالبطاقة,41,0.5882352941176471,0.5,0.5405405405405406,40.0,AraBERT_E3_seed_123,AraBERT_E3_seed_123,AraBERTv2-base,E3,123
توقيت التحويل,42,0.5862068965517241,0.85,0.6938775510204082,40.0,AraBERT_E3_seed_123,AraBERT_E3_seed_123,AraBERTv2-base,E3,123
حد السن,43,0.8235294117647058,0.9333333333333332,0.875,45.0,AraBERT_E3_seed_123,AraBERT_E3_seed_123,AraBERTv2-base,E3,123
حدود البطاقة التي يمكن التخلص منها,44,0.6981132075471698,0.7708333333333334,0.7326732673267327,48.0,AraBERT_E3_seed_123,AraBERT_E3_seed_123,AraBERTv2-base,E3,123
حدود التعبئة,45,0.8148148148148148,0.8301886792452831,0.822429906542056,53.0,AraBERT_E3_seed_123,AraBERT_E3_seed_123,AraBERTv2-base,E3,123
دعم أجهزة الصراف الآلي,46,0.8780487804878049,0.8780487804878049,0.8780487804878049,41.0,AraBERT_E3_seed_123,AraBERT_E3_seed_123,AraBERTv2-base,E3,123
دعم البلد,47,0.8837209302325582,0.95,0.9156626506024096,40.0,AraBERT_E3_seed_123,AraBERT_E3_seed_123,AraBERTv2-base,E3,123
دعم العملات الورقية,48,0.7948717948717948,0.6888888888888889,0.7380952380952381,45.0,AraBERT_E3_seed_123,AraBERT_E3_seed_123,AraBERTv2-base,E3,123
ربط البطاقة,49,0.8135593220338984,0.8888888888888888,0.8495575221238938,54.0,AraBERT_E3_seed_123,AraBERT_E3_seed_123,AraBERTv2-base,E3,123
رسوم إضافية على كشف الحساب,50,0.7714285714285715,0.675,0.72,40.0,AraBERT_E3_seed_123,AraBERT_E3_seed_123,AraBERTv2-base,E3,123
رسوم السحب النقدي,51,0.7,0.6511627906976745,0.6746987951807228,43.0,AraBERT_E3_seed_123,AraBERT_E3_seed_123,AraBERTv2-base,E3,123
رسوم الصرف,52,0.8064516129032258,0.5681818181818182,0.6666666666666666,44.0,AraBERT_E3_seed_123,AraBERT_E3_seed_123,AraBERTv2-base,E3,123
رفض التحويل,53,0.7931034482758621,0.5111111111111111,0.6216216216216216,45.0,AraBERT_E3_seed_123,AraBERT_E3_seed_123,AraBERTv2-base,E3,123
رفض السحب النقدي,54,0.8181818181818182,0.7659574468085106,0.7912087912087912,47.0,AraBERT_E3_seed_123,AraBERT_E3_seed_123,AraBERTv2-base,E3,123
رمز التعريف الشخصي محظور,55,0.6744186046511628,0.725,0.6987951807228916,40.0,AraBERT_E3_seed_123,AraBERT_E3_seed_123,AraBERTv2-base,E3,123
سعر الصرف,56,0.8292682926829268,0.85,0.8395061728395061,40.0,AraBERT_E3_seed_123,AraBERT_E3_seed_123,AraBERTv2-base,E3,123
سعر الصرف الخاطئ للدفع بالبطاقة,57,0.7962962962962963,0.7678571428571429,0.7818181818181819,56.0,AraBERT_E3_seed_123,AraBERT_E3_seed_123,AraBERTv2-base,E3,123
سعر صرف خاطئ للسحب النقدي,58,0.8529411764705882,0.6904761904761905,0.7631578947368421,42.0,AraBERT_E3_seed_123,AraBERT_E3_seed_123,AraBERTv2-base,E3,123
طلب استرداد,59,0.8787878787878788,0.725,0.7945205479452054,40.0,AraBERT_E3_seed_123,AraBERT_E3_seed_123,AraBERTv2-base,E3,123
طلب بطاقة فعلية,60,0.6571428571428571,0.8214285714285714,0.7301587301587301,56.0,AraBERT_E3_seed_123,AraBERT_E3_seed_123,AraBERTv2-base,E3,123
عادت تعبئة الرصيد,61,0.6666666666666666,0.5714285714285714,0.6153846153846154,42.0,AraBERT_E3_seed_123,AraBERT_E3_seed_123,AraBERTv2-base,E3,123
عدم التلامس لا يعمل,62,0.9523809523809524,0.851063829787234,0.898876404494382,47.0,AraBERT_E3_seed_123,AraBERT_E3_seed_123,AraBERTv2-base,E3,123
غير قادر على التحقق من الهوية,63,0.9565217391304348,0.5365853658536586,0.6875,41.0,AraBERT_E3_seed_123,AraBERT_E3_seed_123,AraBERTv2-base,E3,123
فشل التحويل,64,0.8888888888888888,0.4210526315789473,0.5714285714285714,57.0,AraBERT_E3_seed_123,AraBERT_E3_seed_123,AraBERTv2-base,E3,123
فشل التعبئة,65,0.8235294117647058,0.5833333333333334,0.6829268292682927,48.0,AraBERT_E3_seed_123,AraBERT_E3_seed_123,AraBERTv2-base,E3,123
في انتظار التعبئة,66,0.6219512195121951,0.7846153846153846,0.6938775510204082,65.0,AraBERT_E3_seed_123,AraBERT_E3_seed_123,AraBERTv2-base,E3,123
في انتظار السحب النقدي,67,0.8909090909090909,0.7,0.784,70.0,AraBERT_E3_seed_123,AraBERT_E3_seed_123,AraBERTv2-base,E3,123
فيزا أو ماستر كارد,68,0.8409090909090909,0.902439024390244,0.8705882352941177,41.0,AraBERT_E3_seed_123,AraBERT_E3_seed_123,AraBERTv2-base,E3,123
قبول البطاقة,69,0.825,0.825,0.825,40.0,AraBERT_E3_seed_123,AraBERT_E3_seed_123,AraBERTv2-base,E3,123
لم يتم تحديث الرصيد بعد التحويل المصرفي,70,0.5925925925925926,0.6666666666666666,0.6274509803921569,48.0,AraBERT_E3_seed_123,AraBERT_E3_seed_123,AraBERTv2-base,E3,123
لم يتم تحديث الرصيد بعد الشيك أو الإيداع النقدي,71,0.8666666666666667,0.65,0.7428571428571429,40.0,AraBERT_E3_seed_123,AraBERT_E3_seed_123,AraBERTv2-base,E3,123
لم يستلم المستلم التحويل,72,0.52,0.8478260869565217,0.6446280991735537,46.0,AraBERT_E3_seed_123,AraBERT_E3_seed_123,AraBERTv2-base,E3,123
لماذا التحقق من الهوية,73,0.5079365079365079,0.7804878048780488,0.6153846153846154,41.0,AraBERT_E3_seed_123,AraBERT_E3_seed_123,AraBERTv2-base,E3,123
نسيان رمز المرور,74,0.875,0.7,0.7777777777777778,40.0,AraBERT_E3_seed_123,AraBERT_E3_seed_123,AraBERTv2-base,E3,123
نقل إلى الحساب,75,0.7246376811594203,0.847457627118644,0.78125,59.0,AraBERT_E3_seed_123,AraBERT_E3_seed_123,AraBERTv2-base,E3,123
وصول البطاقة,76,0.4729729729729729,0.8536585365853658,0.6086956521739131,41.0,AraBERT_E3_seed_123,AraBERT_E3_seed_123,AraBERTv2-base,E3,123
آبل باي أو جوجل باي,0,0.8809523809523809,0.8809523809523809,0.8809523809523809,42.0,AraBERT_E3_seed_2026,AraBERT_E3_seed_2026,AraBERTv2-base,E3,2026
إرجاع الدفع بالبطاقة؟,1,0.5740740740740741,0.6739130434782609,0.62,46.0,AraBERT_E3_seed_2026,AraBERT_E3_seed_2026,AraBERTv2-base,E3,2026
إعادة الشحن عن طريق رسوم التحويل المصرفي,2,0.6166666666666667,0.6981132075471698,0.6548672566371682,53.0,AraBERT_E3_seed_2026,AraBERT_E3_seed_2026,AraBERTv2-base,E3,2026
إلغاء التحويل,3,0.8181818181818182,0.9,0.8571428571428571,40.0,AraBERT_E3_seed_2026,AraBERT_E3_seed_2026,AraBERTv2-base,E3,2026
ابتلاع البطاقة,4,0.8148148148148148,0.55,0.6567164179104478,40.0,AraBERT_E3_seed_2026,AraBERT_E3_seed_2026,AraBERTv2-base,E3,2026
استرداد الأموال غير مرئي,5,0.7631578947368421,0.725,0.7435897435897436,40.0,AraBERT_E3_seed_2026,AraBERT_E3_seed_2026,AraBERTv2-base,E3,2026
البطاقات والعملات المدعومة,6,0.7894736842105263,0.6976744186046512,0.7407407407407407,43.0,AraBERT_E3_seed_2026,AraBERT_E3_seed_2026,AraBERTv2-base,E3,2026
البطاقة الافتراضية لا تعمل,7,0.75,0.4090909090909091,0.5294117647058824,44.0,AraBERT_E3_seed_2026,AraBERT_E3_seed_2026,AraBERTv2-base,E3,2026
البطاقة المفقودة أو المسروقة,8,0.7804878048780488,0.6037735849056604,0.6808510638297872,53.0,AraBERT_E3_seed_2026,AraBERT_E3_seed_2026,AraBERTv2-base,E3,2026
البطاقة لا تعمل,9,0.5614035087719298,0.8,0.6597938144329897,40.0,AraBERT_E3_seed_2026,AraBERT_E3_seed_2026,AraBERTv2-base,E3,2026
التحقق من مصدر الأموال,10,0.9523809523809524,0.8333333333333334,0.8888888888888888,48.0,AraBERT_E3_seed_2026,AraBERT_E3_seed_2026,AraBERTv2-base,E3,2026
التعبئة عن طريق البطاقة,11,0.4680851063829787,0.4583333333333333,0.4631578947368421,48.0,AraBERT_E3_seed_2026,AraBERT_E3_seed_2026,AraBERTv2-base,E3,2026
التعبئة عن طريق شحن البطاقة,12,0.825,0.7857142857142857,0.8048780487804879,42.0,AraBERT_E3_seed_2026,AraBERT_E3_seed_2026,AraBERTv2-base,E3,2026
الحصول على بطاقة احتياطية,13,0.673469387755102,0.825,0.7415730337078652,40.0,AraBERT_E3_seed_2026,AraBERT_E3_seed_2026,AraBERTv2-base,E3,2026
الحصول على بطاقة افتراضية,14,0.8095238095238095,0.7391304347826086,0.7727272727272727,46.0,AraBERT_E3_seed_2026,AraBERT_E3_seed_2026,AraBERTv2-base,E3,2026
الحصول على بطاقة افتراضية يمكن التخلص منها,15,0.7368421052631579,0.5185185185185185,0.6086956521739131,54.0,AraBERT_E3_seed_2026,AraBERT_E3_seed_2026,AraBERTv2-base,E3,2026
الحصول على بطاقة فعلية,16,0.8205128205128205,0.8,0.810126582278481,40.0,AraBERT_E3_seed_2026,AraBERT_E3_seed_2026,AraBERTv2-base,E3,2026
الدفع المباشر للدين غير معروف,17,0.8,0.6274509803921569,0.7032967032967034,51.0,AraBERT_E3_seed_2026,AraBERT_E3_seed_2026,AraBERTv2-base,E3,2026
الدفع بالبطاقة المعلق,18,0.7894736842105263,0.5660377358490566,0.6593406593406593,53.0,AraBERT_E3_seed_2026,AraBERT_E3_seed_2026,AraBERTv2-base,E3,2026
الدفع بالبطاقة غير معترف به,19,0.6052631578947368,0.575,0.5897435897435898,40.0,AraBERT_E3_seed_2026,AraBERT_E3_seed_2026,AraBERTv2-base,E3,2026
السحب النقدي غير معترف به,20,0.625,0.7317073170731707,0.6741573033707865,41.0,AraBERT_E3_seed_2026,AraBERT_E3_seed_2026,AraBERTv2-base,E3,2026
الصرف عبر التطبيق,21,0.8157894736842105,0.775,0.7948717948717948,40.0,AraBERT_E3_seed_2026,AraBERT_E3_seed_2026,AraBERTv2-base,E3,2026
المستفيد غير مسموح به,22,0.6792452830188679,0.7058823529411765,0.6923076923076923,51.0,AraBERT_E3_seed_2026,AraBERT_E3_seed_2026,AraBERTv2-base,E3,2026
الهاتف المفقود أو المسروق,23,0.8571428571428571,0.8780487804878049,0.8674698795180723,41.0,AraBERT_E3_seed_2026,AraBERT_E3_seed_2026,AraBERTv2-base,E3,2026
انتظار التحويل,24,0.6111111111111112,0.5238095238095238,0.5641025641025641,42.0,AraBERT_E3_seed_2026,AraBERT_E3_seed_2026,AraBERTv2-base,E3,2026
انهاء حساب,25,0.8421052631578947,0.7164179104477612,0.7741935483870968,67.0,AraBERT_E3_seed_2026,AraBERT_E3_seed_2026,AraBERTv2-base,E3,2026
بطاقة على وشك الانتهاء,26,0.8974358974358975,0.8333333333333334,0.8641975308641975,42.0,AraBERT_E3_seed_2026,AraBERT_E3_seed_2026,AraBERTv2-base,E3,2026
بطاقة مخترقة,27,0.5384615384615384,0.525,0.5316455696202531,40.0,AraBERT_E3_seed_2026,AraBERT_E3_seed_2026,AraBERTv2-base,E3,2026
تحرير التفاصيل الشخصية,28,0.7777777777777778,0.9333333333333332,0.8484848484848485,45.0,AraBERT_E3_seed_2026,AraBERT_E3_seed_2026,AraBERTv2-base,E3,2026
تحصيل رسوم التحويل,29,0.5957446808510638,0.7,0.6436781609195402,40.0,AraBERT_E3_seed_2026,AraBERT_E3_seed_2026,AraBERTv2-base,E3,2026
تحقق من تعبئة الرصيد,30,0.9473684210526316,0.8181818181818182,0.8780487804878049,44.0,AraBERT_E3_seed_2026,AraBERT_E3_seed_2026,AraBERTv2-base,E3,2026
تحقق من هويتي,31,0.7948717948717948,0.775,0.7848101265822784,40.0,AraBERT_E3_seed_2026,AraBERT_E3_seed_2026,AraBERTv2-base,E3,2026
تعبئة الرصيد نقدًا أو بشيك,32,0.6619718309859155,0.7580645161290323,0.706766917293233,62.0,AraBERT_E3_seed_2026,AraBERT_E3_seed_2026,AraBERTv2-base,E3,2026
تعبئة تلقائية,33,0.796875,0.8360655737704918,0.816,61.0,AraBERT_E3_seed_2026,AraBERT_E3_seed_2026,AraBERTv2-base,E3,2026
تغيير رمز التعريف الشخصي,34,0.9361702127659576,0.88,0.9072164948453608,50.0,AraBERT_E3_seed_2026,AraBERT_E3_seed_2026,AraBERTv2-base,E3,2026
تفعيل بطاقتي,35,0.935483870967742,0.6590909090909091,0.7733333333333333,44.0,AraBERT_E3_seed_2026,AraBERT_E3_seed_2026,AraBERTv2-base,E3,2026
تقدير تسليم البطاقة,36,0.6326530612244898,0.7380952380952381,0.6813186813186813,42.0,AraBERT_E3_seed_2026,AraBERT_E3_seed_2026,AraBERTv2-base,E3,2026
تلقي الأموال,37,0.6575342465753424,0.9056603773584906,0.7619047619047619,53.0,AraBERT_E3_seed_2026,AraBERT_E3_seed_2026,AraBERTv2-base,E3,2026
تلقي مبلغ خاطئ من النقد,38,0.6818181818181818,0.8653846153846154,0.7627118644067796,52.0,AraBERT_E3_seed_2026,AraBERT_E3_seed_2026,AraBERTv2-base,E3,2026
تم التحصيل مرتين,39,0.8275862068965517,0.9056603773584906,0.8648648648648649,53.0,AraBERT_E3_seed_2026,AraBERT_E3_seed_2026,AraBERTv2-base,E3,2026
تم تحصيل رسوم الدفع بالبطاقة,40,0.8363636363636363,0.7419354838709677,0.7863247863247863,62.0,AraBERT_E3_seed_2026,AraBERT_E3_seed_2026,AraBERTv2-base,E3,2026
تم رفض الدفع بالبطاقة,41,0.6585365853658537,0.675,0.6666666666666666,40.0,AraBERT_E3_seed_2026,AraBERT_E3_seed_2026,AraBERTv2-base,E3,2026
توقيت التحويل,42,0.66,0.825,0.7333333333333333,40.0,AraBERT_E3_seed_2026,AraBERT_E3_seed_2026,AraBERTv2-base,E3,2026
حد السن,43,0.875,0.9333333333333332,0.9032258064516128,45.0,AraBERT_E3_seed_2026,AraBERT_E3_seed_2026,AraBERTv2-base,E3,2026
حدود البطاقة التي يمكن التخلص منها,44,0.9069767441860463,0.8125,0.8571428571428571,48.0,AraBERT_E3_seed_2026,AraBERT_E3_seed_2026,AraBERTv2-base,E3,2026
حدود التعبئة,45,0.8461538461538461,0.8301886792452831,0.8380952380952381,53.0,AraBERT_E3_seed_2026,AraBERT_E3_seed_2026,AraBERTv2-base,E3,2026
دعم أجهزة الصراف الآلي,46,0.8409090909090909,0.902439024390244,0.8705882352941177,41.0,AraBERT_E3_seed_2026,AraBERT_E3_seed_2026,AraBERTv2-base,E3,2026
دعم البلد,47,0.925,0.925,0.925,40.0,AraBERT_E3_seed_2026,AraBERT_E3_seed_2026,AraBERTv2-base,E3,2026
دعم العملات الورقية,48,0.6904761904761905,0.6444444444444445,0.6666666666666666,45.0,AraBERT_E3_seed_2026,AraBERT_E3_seed_2026,AraBERTv2-base,E3,2026
ربط البطاقة,49,0.8363636363636363,0.8518518518518519,0.8440366972477065,54.0,AraBERT_E3_seed_2026,AraBERT_E3_seed_2026,AraBERTv2-base,E3,2026
رسوم إضافية على كشف الحساب,50,0.7111111111111111,0.8,0.7529411764705882,40.0,AraBERT_E3_seed_2026,AraBERT_E3_seed_2026,AraBERTv2-base,E3,2026
رسوم السحب النقدي,51,0.7647058823529411,0.6046511627906976,0.6753246753246753,43.0,AraBERT_E3_seed_2026,AraBERT_E3_seed_2026,AraBERTv2-base,E3,2026
رسوم الصرف,52,0.8064516129032258,0.5681818181818182,0.6666666666666666,44.0,AraBERT_E3_seed_2026,AraBERT_E3_seed_2026,AraBERTv2-base,E3,2026
رفض التحويل,53,0.8,0.6222222222222222,0.7,45.0,AraBERT_E3_seed_2026,AraBERT_E3_seed_2026,AraBERTv2-base,E3,2026
رفض السحب النقدي,54,0.7254901960784313,0.7872340425531915,0.7551020408163265,47.0,AraBERT_E3_seed_2026,AraBERT_E3_seed_2026,AraBERTv2-base,E3,2026
رمز التعريف الشخصي محظور,55,0.8181818181818182,0.675,0.7397260273972602,40.0,AraBERT_E3_seed_2026,AraBERT_E3_seed_2026,AraBERTv2-base,E3,2026
سعر الصرف,56,0.8048780487804879,0.825,0.8148148148148148,40.0,AraBERT_E3_seed_2026,AraBERT_E3_seed_2026,AraBERTv2-base,E3,2026
سعر الصرف الخاطئ للدفع بالبطاقة,57,0.84,0.75,0.7924528301886793,56.0,AraBERT_E3_seed_2026,AraBERT_E3_seed_2026,AraBERTv2-base,E3,2026
سعر صرف خاطئ للسحب النقدي,58,0.7727272727272727,0.8095238095238095,0.7906976744186046,42.0,AraBERT_E3_seed_2026,AraBERT_E3_seed_2026,AraBERTv2-base,E3,2026
طلب استرداد,59,0.8611111111111112,0.775,0.8157894736842105,40.0,AraBERT_E3_seed_2026,AraBERT_E3_seed_2026,AraBERTv2-base,E3,2026
طلب بطاقة فعلية,60,0.6164383561643836,0.8035714285714286,0.6976744186046512,56.0,AraBERT_E3_seed_2026,AraBERT_E3_seed_2026,AraBERTv2-base,E3,2026
عادت تعبئة الرصيد,61,0.7575757575757576,0.5952380952380952,0.6666666666666666,42.0,AraBERT_E3_seed_2026,AraBERT_E3_seed_2026,AraBERTv2-base,E3,2026
عدم التلامس لا يعمل,62,0.95,0.8085106382978723,0.8735632183908046,47.0,AraBERT_E3_seed_2026,AraBERT_E3_seed_2026,AraBERTv2-base,E3,2026
غير قادر على التحقق من الهوية,63,0.7948717948717948,0.7560975609756098,0.775,41.0,AraBERT_E3_seed_2026,AraBERT_E3_seed_2026,AraBERTv2-base,E3,2026
فشل التحويل,64,0.7368421052631579,0.4912280701754385,0.5894736842105263,57.0,AraBERT_E3_seed_2026,AraBERT_E3_seed_2026,AraBERTv2-base,E3,2026
فشل التعبئة,65,0.8,0.5,0.6153846153846154,48.0,AraBERT_E3_seed_2026,AraBERT_E3_seed_2026,AraBERTv2-base,E3,2026
في انتظار التعبئة,66,0.5454545454545454,0.8307692307692308,0.6585365853658537,65.0,AraBERT_E3_seed_2026,AraBERT_E3_seed_2026,AraBERTv2-base,E3,2026
في انتظار السحب النقدي,67,0.9166666666666666,0.7857142857142857,0.8461538461538461,70.0,AraBERT_E3_seed_2026,AraBERT_E3_seed_2026,AraBERTv2-base,E3,2026
فيزا أو ماستر كارد,68,0.8181818181818182,0.8780487804878049,0.8470588235294118,41.0,AraBERT_E3_seed_2026,AraBERT_E3_seed_2026,AraBERTv2-base,E3,2026
قبول البطاقة,69,0.7,0.7,0.7,40.0,AraBERT_E3_seed_2026,AraBERT_E3_seed_2026,AraBERTv2-base,E3,2026
لم يتم تحديث الرصيد بعد التحويل المصرفي,70,0.5892857142857143,0.6875,0.6346153846153846,48.0,AraBERT_E3_seed_2026,AraBERT_E3_seed_2026,AraBERTv2-base,E3,2026
لم يتم تحديث الرصيد بعد الشيك أو الإيداع النقدي,71,0.6744186046511628,0.725,0.6987951807228916,40.0,AraBERT_E3_seed_2026,AraBERT_E3_seed_2026,AraBERTv2-base,E3,2026
لم يستلم المستلم التحويل,72,0.5625,0.782608695652174,0.6545454545454545,46.0,AraBERT_E3_seed_2026,AraBERT_E3_seed_2026,AraBERTv2-base,E3,2026
لماذا التحقق من الهوية,73,0.7045454545454546,0.7560975609756098,0.7294117647058823,41.0,AraBERT_E3_seed_2026,AraBERT_E3_seed_2026,AraBERTv2-base,E3,2026
نسيان رمز المرور,74,0.8717948717948718,0.85,0.8607594936708861,40.0,AraBERT_E3_seed_2026,AraBERT_E3_seed_2026,AraBERTv2-base,E3,2026
نقل إلى الحساب,75,0.6375,0.864406779661017,0.7338129496402878,59.0,AraBERT_E3_seed_2026,AraBERT_E3_seed_2026,AraBERTv2-base,E3,2026
وصول البطاقة,76,0.5573770491803278,0.8292682926829268,0.6666666666666666,41.0,AraBERT_E3_seed_2026,AraBERT_E3_seed_2026,AraBERTv2-base,E3,2026
آبل باي أو جوجل باي,0,0.8222222222222222,0.8809523809523809,0.8505747126436781,42.0,AraBERT_EB_seed_42,AraBERT_EB_seed_42,AraBERTv2-base,EB,42
إرجاع الدفع بالبطاقة؟,1,0.4736842105263157,0.782608695652174,0.5901639344262295,46.0,AraBERT_EB_seed_42,AraBERT_EB_seed_42,AraBERTv2-base,EB,42
إعادة الشحن عن طريق رسوم التحويل المصرفي,2,0.6229508196721312,0.7169811320754716,0.6666666666666666,53.0,AraBERT_EB_seed_42,AraBERT_EB_seed_42,AraBERTv2-base,EB,42
إلغاء التحويل,3,0.875,0.875,0.875,40.0,AraBERT_EB_seed_42,AraBERT_EB_seed_42,AraBERTv2-base,EB,42
ابتلاع البطاقة,4,0.7741935483870968,0.6,0.676056338028169,40.0,AraBERT_EB_seed_42,AraBERT_EB_seed_42,AraBERTv2-base,EB,42
استرداد الأموال غير مرئي,5,0.7297297297297297,0.675,0.7012987012987013,40.0,AraBERT_EB_seed_42,AraBERT_EB_seed_42,AraBERTv2-base,EB,42
البطاقات والعملات المدعومة,6,0.6511627906976745,0.6511627906976745,0.6511627906976745,43.0,AraBERT_EB_seed_42,AraBERT_EB_seed_42,AraBERTv2-base,EB,42
البطاقة الافتراضية لا تعمل,7,0.875,0.3181818181818182,0.4666666666666667,44.0,AraBERT_EB_seed_42,AraBERT_EB_seed_42,AraBERTv2-base,EB,42
البطاقة المفقودة أو المسروقة,8,0.7777777777777778,0.5283018867924528,0.6292134831460674,53.0,AraBERT_EB_seed_42,AraBERT_EB_seed_42,AraBERTv2-base,EB,42
البطاقة لا تعمل,9,0.5689655172413793,0.825,0.673469387755102,40.0,AraBERT_EB_seed_42,AraBERT_EB_seed_42,AraBERTv2-base,EB,42
التحقق من مصدر الأموال,10,0.875,0.875,0.875,48.0,AraBERT_EB_seed_42,AraBERT_EB_seed_42,AraBERTv2-base,EB,42
التعبئة عن طريق البطاقة,11,0.625,0.4166666666666667,0.5,48.0,AraBERT_EB_seed_42,AraBERT_EB_seed_42,AraBERTv2-base,EB,42
التعبئة عن طريق شحن البطاقة,12,0.8205128205128205,0.7619047619047619,0.7901234567901234,42.0,AraBERT_EB_seed_42,AraBERT_EB_seed_42,AraBERTv2-base,EB,42
الحصول على بطاقة احتياطية,13,0.5483870967741935,0.85,0.6666666666666666,40.0,AraBERT_EB_seed_42,AraBERT_EB_seed_42,AraBERTv2-base,EB,42
الحصول على بطاقة افتراضية,14,0.5666666666666667,0.7391304347826086,0.6415094339622641,46.0,AraBERT_EB_seed_42,AraBERT_EB_seed_42,AraBERTv2-base,EB,42
الحصول على بطاقة افتراضية يمكن التخلص منها,15,0.625,0.2777777777777778,0.3846153846153846,54.0,AraBERT_EB_seed_42,AraBERT_EB_seed_42,AraBERTv2-base,EB,42
الحصول على بطاقة فعلية,16,0.8157894736842105,0.775,0.7948717948717948,40.0,AraBERT_EB_seed_42,AraBERT_EB_seed_42,AraBERTv2-base,EB,42
الدفع المباشر للدين غير معروف,17,0.6530612244897959,0.6274509803921569,0.64,51.0,AraBERT_EB_seed_42,AraBERT_EB_seed_42,AraBERTv2-base,EB,42
الدفع بالبطاقة المعلق,18,0.8421052631578947,0.6037735849056604,0.7032967032967034,53.0,AraBERT_EB_seed_42,AraBERT_EB_seed_42,AraBERTv2-base,EB,42
الدفع بالبطاقة غير معترف به,19,0.6071428571428571,0.425,0.5,40.0,AraBERT_EB_seed_42,AraBERT_EB_seed_42,AraBERTv2-base,EB,42
السحب النقدي غير معترف به,20,0.6111111111111112,0.8048780487804879,0.6947368421052632,41.0,AraBERT_EB_seed_42,AraBERT_EB_seed_42,AraBERTv2-base,EB,42
الصرف عبر التطبيق,21,0.775,0.775,0.775,40.0,AraBERT_EB_seed_42,AraBERT_EB_seed_42,AraBERTv2-base,EB,42
المستفيد غير مسموح به,22,0.6346153846153846,0.6470588235294118,0.6407766990291263,51.0,AraBERT_EB_seed_42,AraBERT_EB_seed_42,AraBERTv2-base,EB,42
الهاتف المفقود أو المسروق,23,0.7906976744186046,0.8292682926829268,0.8095238095238095,41.0,AraBERT_EB_seed_42,AraBERT_EB_seed_42,AraBERTv2-base,EB,42
انتظار التحويل,24,0.7352941176470589,0.5952380952380952,0.6578947368421053,42.0,AraBERT_EB_seed_42,AraBERT_EB_seed_42,AraBERTv2-base,EB,42
انهاء حساب,25,0.8387096774193549,0.7761194029850746,0.8062015503875969,67.0,AraBERT_EB_seed_42,AraBERT_EB_seed_42,AraBERTv2-base,EB,42
بطاقة على وشك الانتهاء,26,0.8717948717948718,0.8095238095238095,0.8395061728395061,42.0,AraBERT_EB_seed_42,AraBERT_EB_seed_42,AraBERTv2-base,EB,42
بطاقة مخترقة,27,0.6470588235294118,0.55,0.5945945945945946,40.0,AraBERT_EB_seed_42,AraBERT_EB_seed_42,AraBERTv2-base,EB,42
تحرير التفاصيل الشخصية,28,0.8333333333333334,0.8888888888888888,0.8602150537634409,45.0,AraBERT_EB_seed_42,AraBERT_EB_seed_42,AraBERTv2-base,EB,42
تحصيل رسوم التحويل,29,0.5625,0.675,0.6136363636363636,40.0,AraBERT_EB_seed_42,AraBERT_EB_seed_42,AraBERTv2-base,EB,42
تحقق من تعبئة الرصيد,30,0.945945945945946,0.7954545454545454,0.8641975308641975,44.0,AraBERT_EB_seed_42,AraBERT_EB_seed_42,AraBERTv2-base,EB,42
تحقق من هويتي,31,0.7948717948717948,0.775,0.7848101265822784,40.0,AraBERT_EB_seed_42,AraBERT_EB_seed_42,AraBERTv2-base,EB,42
تعبئة الرصيد نقدًا أو بشيك,32,0.7246376811594203,0.8064516129032258,0.7633587786259542,62.0,AraBERT_EB_seed_42,AraBERT_EB_seed_42,AraBERTv2-base,EB,42
تعبئة تلقائية,33,0.8867924528301887,0.7704918032786885,0.8245614035087719,61.0,AraBERT_EB_seed_42,AraBERT_EB_seed_42,AraBERTv2-base,EB,42
تغيير رمز التعريف الشخصي,34,0.8913043478260869,0.82,0.8541666666666666,50.0,AraBERT_EB_seed_42,AraBERT_EB_seed_42,AraBERTv2-base,EB,42
تفعيل بطاقتي,35,0.96,0.5454545454545454,0.6956521739130435,44.0,AraBERT_EB_seed_42,AraBERT_EB_seed_42,AraBERTv2-base,EB,42
تقدير تسليم البطاقة,36,0.7333333333333333,0.7857142857142857,0.7586206896551724,42.0,AraBERT_EB_seed_42,AraBERT_EB_seed_42,AraBERTv2-base,EB,42
تلقي الأموال,37,0.6233766233766234,0.9056603773584906,0.7384615384615385,53.0,AraBERT_EB_seed_42,AraBERT_EB_seed_42,AraBERTv2-base,EB,42
تلقي مبلغ خاطئ من النقد,38,0.7049180327868853,0.8269230769230769,0.7610619469026548,52.0,AraBERT_EB_seed_42,AraBERT_EB_seed_42,AraBERTv2-base,EB,42
تم التحصيل مرتين,39,0.8032786885245902,0.9245283018867924,0.8596491228070176,53.0,AraBERT_EB_seed_42,AraBERT_EB_seed_42,AraBERTv2-base,EB,42
تم تحصيل رسوم الدفع بالبطاقة,40,0.7076923076923077,0.7419354838709677,0.7244094488188977,62.0,AraBERT_EB_seed_42,AraBERT_EB_seed_42,AraBERTv2-base,EB,42
تم رفض الدفع بالبطاقة,41,0.7407407407407407,0.5,0.5970149253731343,40.0,AraBERT_EB_seed_42,AraBERT_EB_seed_42,AraBERTv2-base,EB,42
توقيت التحويل,42,0.5892857142857143,0.825,0.6875,40.0,AraBERT_EB_seed_42,AraBERT_EB_seed_42,AraBERTv2-base,EB,42
حد السن,43,0.75,0.9333333333333332,0.8316831683168316,45.0,AraBERT_EB_seed_42,AraBERT_EB_seed_42,AraBERTv2-base,EB,42
حدود البطاقة التي يمكن التخلص منها,44,0.7450980392156863,0.7916666666666666,0.7676767676767676,48.0,AraBERT_EB_seed_42,AraBERT_EB_seed_42,AraBERTv2-base,EB,42
حدود التعبئة,45,0.86,0.8113207547169812,0.8349514563106796,53.0,AraBERT_EB_seed_42,AraBERT_EB_seed_42,AraBERTv2-base,EB,42
دعم أجهزة الصراف الآلي,46,0.8085106382978723,0.926829268292683,0.8636363636363636,41.0,AraBERT_EB_seed_42,AraBERT_EB_seed_42,AraBERTv2-base,EB,42
دعم البلد,47,0.8837209302325582,0.95,0.9156626506024096,40.0,AraBERT_EB_seed_42,AraBERT_EB_seed_42,AraBERTv2-base,EB,42
دعم العملات الورقية,48,0.6470588235294118,0.7333333333333333,0.6875,45.0,AraBERT_EB_seed_42,AraBERT_EB_seed_42,AraBERTv2-base,EB,42
ربط البطاقة,49,0.6911764705882353,0.8703703703703703,0.7704918032786885,54.0,AraBERT_EB_seed_42,AraBERT_EB_seed_42,AraBERTv2-base,EB,42
رسوم إضافية على كشف الحساب,50,0.7142857142857143,0.75,0.7317073170731707,40.0,AraBERT_EB_seed_42,AraBERT_EB_seed_42,AraBERTv2-base,EB,42
رسوم السحب النقدي,51,0.6818181818181818,0.6976744186046512,0.6896551724137931,43.0,AraBERT_EB_seed_42,AraBERT_EB_seed_42,AraBERTv2-base,EB,42
رسوم الصرف,52,0.8387096774193549,0.5909090909090909,0.6933333333333334,44.0,AraBERT_EB_seed_42,AraBERT_EB_seed_42,AraBERTv2-base,EB,42
رفض التحويل,53,0.8571428571428571,0.4,0.5454545454545454,45.0,AraBERT_EB_seed_42,AraBERT_EB_seed_42,AraBERTv2-base,EB,42
رفض السحب النقدي,54,0.7291666666666666,0.7446808510638298,0.7368421052631579,47.0,AraBERT_EB_seed_42,AraBERT_EB_seed_42,AraBERTv2-base,EB,42
رمز التعريف الشخصي محظور,55,0.8709677419354839,0.675,0.7605633802816901,40.0,AraBERT_EB_seed_42,AraBERT_EB_seed_42,AraBERTv2-base,EB,42
سعر الصرف,56,0.8043478260869565,0.925,0.8604651162790697,40.0,AraBERT_EB_seed_42,AraBERT_EB_seed_42,AraBERTv2-base,EB,42
سعر الصرف الخاطئ للدفع بالبطاقة,57,0.8269230769230769,0.7678571428571429,0.7962962962962963,56.0,AraBERT_EB_seed_42,AraBERT_EB_seed_42,AraBERTv2-base,EB,42
سعر صرف خاطئ للسحب النقدي,58,0.8285714285714286,0.6904761904761905,0.7532467532467533,42.0,AraBERT_EB_seed_42,AraBERT_EB_seed_42,AraBERTv2-base,EB,42
طلب استرداد,59,0.8709677419354839,0.675,0.7605633802816901,40.0,AraBERT_EB_seed_42,AraBERT_EB_seed_42,AraBERTv2-base,EB,42
طلب بطاقة فعلية,60,0.625,0.7142857142857143,0.6666666666666666,56.0,AraBERT_EB_seed_42,AraBERT_EB_seed_42,AraBERTv2-base,EB,42
عادت تعبئة الرصيد,61,0.6388888888888888,0.5476190476190477,0.5897435897435898,42.0,AraBERT_EB_seed_42,AraBERT_EB_seed_42,AraBERTv2-base,EB,42
عدم التلامس لا يعمل,62,0.9714285714285714,0.723404255319149,0.8292682926829268,47.0,AraBERT_EB_seed_42,AraBERT_EB_seed_42,AraBERTv2-base,EB,42
غير قادر على التحقق من الهوية,63,0.9,0.6585365853658537,0.7605633802816901,41.0,AraBERT_EB_seed_42,AraBERT_EB_seed_42,AraBERTv2-base,EB,42
فشل التحويل,64,0.7804878048780488,0.5614035087719298,0.6530612244897959,57.0,AraBERT_EB_seed_42,AraBERT_EB_seed_42,AraBERTv2-base,EB,42
فشل التعبئة,65,0.6363636363636364,0.5833333333333334,0.6086956521739131,48.0,AraBERT_EB_seed_42,AraBERT_EB_seed_42,AraBERTv2-base,EB,42
في انتظار التعبئة,66,0.6071428571428571,0.7846153846153846,0.6845637583892618,65.0,AraBERT_EB_seed_42,AraBERT_EB_seed_42,AraBERTv2-base,EB,42
في انتظار السحب النقدي,67,0.8833333333333333,0.7571428571428571,0.8153846153846154,70.0,AraBERT_EB_seed_42,AraBERT_EB_seed_42,AraBERTv2-base,EB,42
فيزا أو ماستر كارد,68,0.8571428571428571,0.8780487804878049,0.8674698795180723,41.0,AraBERT_EB_seed_42,AraBERT_EB_seed_42,AraBERTv2-base,EB,42
قبول البطاقة,69,0.8787878787878788,0.725,0.7945205479452054,40.0,AraBERT_EB_seed_42,AraBERT_EB_seed_42,AraBERTv2-base,EB,42
لم يتم تحديث الرصيد بعد التحويل المصرفي,70,0.5573770491803278,0.7083333333333334,0.6238532110091743,48.0,AraBERT_EB_seed_42,AraBERT_EB_seed_42,AraBERTv2-base,EB,42
لم يتم تحديث الرصيد بعد الشيك أو الإيداع النقدي,71,0.7777777777777778,0.7,0.7368421052631579,40.0,AraBERT_EB_seed_42,AraBERT_EB_seed_42,AraBERTv2-base,EB,42
لم يستلم المستلم التحويل,72,0.6271186440677966,0.8043478260869565,0.7047619047619048,46.0,AraBERT_EB_seed_42,AraBERT_EB_seed_42,AraBERTv2-base,EB,42
لماذا التحقق من الهوية,73,0.6140350877192983,0.8536585365853658,0.7142857142857143,41.0,AraBERT_EB_seed_42,AraBERT_EB_seed_42,AraBERTv2-base,EB,42
نسيان رمز المرور,74,0.9166666666666666,0.825,0.868421052631579,40.0,AraBERT_EB_seed_42,AraBERT_EB_seed_42,AraBERTv2-base,EB,42
نقل إلى الحساب,75,0.6533333333333333,0.8305084745762712,0.7313432835820896,59.0,AraBERT_EB_seed_42,AraBERT_EB_seed_42,AraBERTv2-base,EB,42
وصول البطاقة,76,0.515625,0.8048780487804879,0.6285714285714286,41.0,AraBERT_EB_seed_42,AraBERT_EB_seed_42,AraBERTv2-base,EB,42
آبل باي أو جوجل باي,0,0.8444444444444444,0.9047619047619048,0.8735632183908046,42.0,AraBERT_EB_seed_123,AraBERT_EB_seed_123,AraBERTv2-base,EB,123
إرجاع الدفع بالبطاقة؟,1,0.6,0.782608695652174,0.6792452830188679,46.0,AraBERT_EB_seed_123,AraBERT_EB_seed_123,AraBERTv2-base,EB,123
إعادة الشحن عن طريق رسوم التحويل المصرفي,2,0.75,0.7358490566037735,0.7428571428571429,53.0,AraBERT_EB_seed_123,AraBERT_EB_seed_123,AraBERTv2-base,EB,123
إلغاء التحويل,3,0.75,0.9,0.8181818181818182,40.0,AraBERT_EB_seed_123,AraBERT_EB_seed_123,AraBERTv2-base,EB,123
ابتلاع البطاقة,4,0.8518518518518519,0.575,0.6865671641791045,40.0,AraBERT_EB_seed_123,AraBERT_EB_seed_123,AraBERTv2-base,EB,123
استرداد الأموال غير مرئي,5,0.7941176470588235,0.675,0.7297297297297297,40.0,AraBERT_EB_seed_123,AraBERT_EB_seed_123,AraBERTv2-base,EB,123
البطاقات والعملات المدعومة,6,0.7142857142857143,0.813953488372093,0.7608695652173914,43.0,AraBERT_EB_seed_123,AraBERT_EB_seed_123,AraBERTv2-base,EB,123
البطاقة الافتراضية لا تعمل,7,0.6756756756756757,0.5681818181818182,0.6172839506172839,44.0,AraBERT_EB_seed_123,AraBERT_EB_seed_123,AraBERTv2-base,EB,123
البطاقة المفقودة أو المسروقة,8,0.7567567567567568,0.5283018867924528,0.6222222222222222,53.0,AraBERT_EB_seed_123,AraBERT_EB_seed_123,AraBERTv2-base,EB,123
البطاقة لا تعمل,9,0.625,0.875,0.7291666666666666,40.0,AraBERT_EB_seed_123,AraBERT_EB_seed_123,AraBERTv2-base,EB,123
التحقق من مصدر الأموال,10,0.9047619047619048,0.7916666666666666,0.8444444444444444,48.0,AraBERT_EB_seed_123,AraBERT_EB_seed_123,AraBERTv2-base,EB,123
التعبئة عن طريق البطاقة,11,0.3148148148148148,0.3541666666666667,0.3333333333333333,48.0,AraBERT_EB_seed_123,AraBERT_EB_seed_123,AraBERTv2-base,EB,123
التعبئة عن طريق شحن البطاقة,12,0.7954545454545454,0.8333333333333334,0.813953488372093,42.0,AraBERT_EB_seed_123,AraBERT_EB_seed_123,AraBERTv2-base,EB,123
الحصول على بطاقة احتياطية,13,0.6037735849056604,0.8,0.6881720430107527,40.0,AraBERT_EB_seed_123,AraBERT_EB_seed_123,AraBERTv2-base,EB,123
الحصول على بطاقة افتراضية,14,0.5818181818181818,0.6956521739130435,0.6336633663366337,46.0,AraBERT_EB_seed_123,AraBERT_EB_seed_123,AraBERTv2-base,EB,123
الحصول على بطاقة افتراضية يمكن التخلص منها,15,0.6818181818181818,0.2777777777777778,0.3947368421052631,54.0,AraBERT_EB_seed_123,AraBERT_EB_seed_123,AraBERTv2-base,EB,123
الحصول على بطاقة فعلية,16,0.8461538461538461,0.825,0.8354430379746836,40.0,AraBERT_EB_seed_123,AraBERT_EB_seed_123,AraBERTv2-base,EB,123
الدفع المباشر للدين غير معروف,17,0.8333333333333334,0.6862745098039216,0.7526881720430108,51.0,AraBERT_EB_seed_123,AraBERT_EB_seed_123,AraBERTv2-base,EB,123
الدفع بالبطاقة المعلق,18,0.7441860465116279,0.6037735849056604,0.6666666666666666,53.0,AraBERT_EB_seed_123,AraBERT_EB_seed_123,AraBERTv2-base,EB,123
الدفع بالبطاقة غير معترف به,19,0.6666666666666666,0.55,0.6027397260273972,40.0,AraBERT_EB_seed_123,AraBERT_EB_seed_123,AraBERTv2-base,EB,123
السحب النقدي غير معترف به,20,0.7021276595744681,0.8048780487804879,0.75,41.0,AraBERT_EB_seed_123,AraBERT_EB_seed_123,AraBERTv2-base,EB,123
الصرف عبر التطبيق,21,0.6904761904761905,0.725,0.7073170731707317,40.0,AraBERT_EB_seed_123,AraBERT_EB_seed_123,AraBERTv2-base,EB,123
المستفيد غير مسموح به,22,0.631578947368421,0.7058823529411765,0.6666666666666666,51.0,AraBERT_EB_seed_123,AraBERT_EB_seed_123,AraBERTv2-base,EB,123
الهاتف المفقود أو المسروق,23,0.7857142857142857,0.8048780487804879,0.7951807228915663,41.0,AraBERT_EB_seed_123,AraBERT_EB_seed_123,AraBERTv2-base,EB,123
انتظار التحويل,24,0.6551724137931034,0.4523809523809524,0.5352112676056338,42.0,AraBERT_EB_seed_123,AraBERT_EB_seed_123,AraBERTv2-base,EB,123
انهاء حساب,25,0.835820895522388,0.835820895522388,0.835820895522388,67.0,AraBERT_EB_seed_123,AraBERT_EB_seed_123,AraBERTv2-base,EB,123
بطاقة على وشك الانتهاء,26,0.7368421052631579,0.6666666666666666,0.7,42.0,AraBERT_EB_seed_123,AraBERT_EB_seed_123,AraBERTv2-base,EB,123
بطاقة مخترقة,27,0.6875,0.55,0.6111111111111112,40.0,AraBERT_EB_seed_123,AraBERT_EB_seed_123,AraBERTv2-base,EB,123
تحرير التفاصيل الشخصية,28,0.84,0.9333333333333332,0.8842105263157894,45.0,AraBERT_EB_seed_123,AraBERT_EB_seed_123,AraBERTv2-base,EB,123
تحصيل رسوم التحويل,29,0.6382978723404256,0.75,0.6896551724137931,40.0,AraBERT_EB_seed_123,AraBERT_EB_seed_123,AraBERTv2-base,EB,123
تحقق من تعبئة الرصيد,30,0.95,0.8636363636363636,0.9047619047619048,44.0,AraBERT_EB_seed_123,AraBERT_EB_seed_123,AraBERTv2-base,EB,123
تحقق من هويتي,31,0.84375,0.675,0.75,40.0,AraBERT_EB_seed_123,AraBERT_EB_seed_123,AraBERTv2-base,EB,123
تعبئة الرصيد نقدًا أو بشيك,32,0.6545454545454545,0.5806451612903226,0.6153846153846154,62.0,AraBERT_EB_seed_123,AraBERT_EB_seed_123,AraBERTv2-base,EB,123
تعبئة تلقائية,33,0.8360655737704918,0.8360655737704918,0.8360655737704918,61.0,AraBERT_EB_seed_123,AraBERT_EB_seed_123,AraBERTv2-base,EB,123
تغيير رمز التعريف الشخصي,34,0.9565217391304348,0.88,0.9166666666666666,50.0,AraBERT_EB_seed_123,AraBERT_EB_seed_123,AraBERTv2-base,EB,123
تفعيل بطاقتي,35,0.8275862068965517,0.5454545454545454,0.6575342465753424,44.0,AraBERT_EB_seed_123,AraBERT_EB_seed_123,AraBERTv2-base,EB,123
تقدير تسليم البطاقة,36,0.6744186046511628,0.6904761904761905,0.6823529411764706,42.0,AraBERT_EB_seed_123,AraBERT_EB_seed_123,AraBERTv2-base,EB,123
تلقي الأموال,37,0.7540983606557377,0.8679245283018868,0.8070175438596491,53.0,AraBERT_EB_seed_123,AraBERT_EB_seed_123,AraBERTv2-base,EB,123
تلقي مبلغ خاطئ من النقد,38,0.7678571428571429,0.8269230769230769,0.7962962962962963,52.0,AraBERT_EB_seed_123,AraBERT_EB_seed_123,AraBERTv2-base,EB,123
تم التحصيل مرتين,39,0.8135593220338984,0.9056603773584906,0.8571428571428571,53.0,AraBERT_EB_seed_123,AraBERT_EB_seed_123,AraBERTv2-base,EB,123
تم تحصيل رسوم الدفع بالبطاقة,40,0.8113207547169812,0.6935483870967742,0.7478260869565218,62.0,AraBERT_EB_seed_123,AraBERT_EB_seed_123,AraBERTv2-base,EB,123
تم رفض الدفع بالبطاقة,41,0.9,0.45,0.6,40.0,AraBERT_EB_seed_123,AraBERT_EB_seed_123,AraBERTv2-base,EB,123
توقيت التحويل,42,0.5223880597014925,0.875,0.6542056074766355,40.0,AraBERT_EB_seed_123,AraBERT_EB_seed_123,AraBERTv2-base,EB,123
حد السن,43,0.8936170212765957,0.9333333333333332,0.9130434782608696,45.0,AraBERT_EB_seed_123,AraBERT_EB_seed_123,AraBERTv2-base,EB,123
حدود البطاقة التي يمكن التخلص منها,44,0.7959183673469388,0.8125,0.8041237113402062,48.0,AraBERT_EB_seed_123,AraBERT_EB_seed_123,AraBERTv2-base,EB,123
حدود التعبئة,45,0.8695652173913043,0.7547169811320755,0.8080808080808081,53.0,AraBERT_EB_seed_123,AraBERT_EB_seed_123,AraBERTv2-base,EB,123
دعم أجهزة الصراف الآلي,46,0.813953488372093,0.8536585365853658,0.8333333333333334,41.0,AraBERT_EB_seed_123,AraBERT_EB_seed_123,AraBERTv2-base,EB,123
دعم البلد,47,0.8837209302325582,0.95,0.9156626506024096,40.0,AraBERT_EB_seed_123,AraBERT_EB_seed_123,AraBERTv2-base,EB,123
دعم العملات الورقية,48,0.6888888888888889,0.6888888888888889,0.6888888888888889,45.0,AraBERT_EB_seed_123,AraBERT_EB_seed_123,AraBERTv2-base,EB,123
ربط البطاقة,49,0.6805555555555556,0.9074074074074074,0.7777777777777778,54.0,AraBERT_EB_seed_123,AraBERT_EB_seed_123,AraBERTv2-base,EB,123
رسوم إضافية على كشف الحساب,50,0.7,0.7,0.7,40.0,AraBERT_EB_seed_123,AraBERT_EB_seed_123,AraBERTv2-base,EB,123
رسوم السحب النقدي,51,0.7567567567567568,0.6511627906976745,0.7,43.0,AraBERT_EB_seed_123,AraBERT_EB_seed_123,AraBERTv2-base,EB,123
رسوم الصرف,52,0.8928571428571429,0.5681818181818182,0.6944444444444444,44.0,AraBERT_EB_seed_123,AraBERT_EB_seed_123,AraBERTv2-base,EB,123
رفض التحويل,53,0.9285714285714286,0.5777777777777777,0.7123287671232876,45.0,AraBERT_EB_seed_123,AraBERT_EB_seed_123,AraBERTv2-base,EB,123
رفض السحب النقدي,54,0.7446808510638298,0.7446808510638298,0.7446808510638298,47.0,AraBERT_EB_seed_123,AraBERT_EB_seed_123,AraBERTv2-base,EB,123
رمز التعريف الشخصي محظور,55,0.7837837837837838,0.725,0.7532467532467533,40.0,AraBERT_EB_seed_123,AraBERT_EB_seed_123,AraBERTv2-base,EB,123
سعر الصرف,56,0.8461538461538461,0.825,0.8354430379746836,40.0,AraBERT_EB_seed_123,AraBERT_EB_seed_123,AraBERTv2-base,EB,123
سعر الصرف الخاطئ للدفع بالبطاقة,57,0.7962962962962963,0.7678571428571429,0.7818181818181819,56.0,AraBERT_EB_seed_123,AraBERT_EB_seed_123,AraBERTv2-base,EB,123
سعر صرف خاطئ للسحب النقدي,58,0.8571428571428571,0.7142857142857143,0.7792207792207793,42.0,AraBERT_EB_seed_123,AraBERT_EB_seed_123,AraBERTv2-base,EB,123
طلب استرداد,59,0.90625,0.725,0.8055555555555556,40.0,AraBERT_EB_seed_123,AraBERT_EB_seed_123,AraBERTv2-base,EB,123
طلب بطاقة فعلية,60,0.7368421052631579,0.75,0.7433628318584071,56.0,AraBERT_EB_seed_123,AraBERT_EB_seed_123,AraBERTv2-base,EB,123
عادت تعبئة الرصيد,61,0.631578947368421,0.5714285714285714,0.6,42.0,AraBERT_EB_seed_123,AraBERT_EB_seed_123,AraBERTv2-base,EB,123
عدم التلامس لا يعمل,62,0.9743589743589745,0.8085106382978723,0.8837209302325582,47.0,AraBERT_EB_seed_123,AraBERT_EB_seed_123,AraBERTv2-base,EB,123
غير قادر على التحقق من الهوية,63,0.8,0.7804878048780488,0.7901234567901234,41.0,AraBERT_EB_seed_123,AraBERT_EB_seed_123,AraBERTv2-base,EB,123
فشل التحويل,64,0.8,0.5614035087719298,0.6597938144329897,57.0,AraBERT_EB_seed_123,AraBERT_EB_seed_123,AraBERTv2-base,EB,123
فشل التعبئة,65,0.8214285714285714,0.4791666666666667,0.6052631578947368,48.0,AraBERT_EB_seed_123,AraBERT_EB_seed_123,AraBERTv2-base,EB,123
في انتظار التعبئة,66,0.5730337078651685,0.7846153846153846,0.6623376623376623,65.0,AraBERT_EB_seed_123,AraBERT_EB_seed_123,AraBERTv2-base,EB,123
في انتظار السحب النقدي,67,0.8709677419354839,0.7714285714285715,0.8181818181818182,70.0,AraBERT_EB_seed_123,AraBERT_EB_seed_123,AraBERTv2-base,EB,123
فيزا أو ماستر كارد,68,0.8780487804878049,0.8780487804878049,0.8780487804878049,41.0,AraBERT_EB_seed_123,AraBERT_EB_seed_123,AraBERTv2-base,EB,123
قبول البطاقة,69,0.7435897435897436,0.725,0.7341772151898734,40.0,AraBERT_EB_seed_123,AraBERT_EB_seed_123,AraBERTv2-base,EB,123
لم يتم تحديث الرصيد بعد التحويل المصرفي,70,0.4444444444444444,0.75,0.5581395348837209,48.0,AraBERT_EB_seed_123,AraBERT_EB_seed_123,AraBERTv2-base,EB,123
لم يتم تحديث الرصيد بعد الشيك أو الإيداع النقدي,71,0.7894736842105263,0.75,0.7692307692307693,40.0,AraBERT_EB_seed_123,AraBERT_EB_seed_123,AraBERTv2-base,EB,123
لم يستلم المستلم التحويل,72,0.4556962025316455,0.782608695652174,0.576,46.0,AraBERT_EB_seed_123,AraBERT_EB_seed_123,AraBERTv2-base,EB,123
لماذا التحقق من الهوية,73,0.6071428571428571,0.8292682926829268,0.7010309278350515,41.0,AraBERT_EB_seed_123,AraBERT_EB_seed_123,AraBERTv2-base,EB,123
نسيان رمز المرور,74,0.8717948717948718,0.85,0.8607594936708861,40.0,AraBERT_EB_seed_123,AraBERT_EB_seed_123,AraBERTv2-base,EB,123
نقل إلى الحساب,75,0.7142857142857143,0.847457627118644,0.7751937984496124,59.0,AraBERT_EB_seed_123,AraBERT_EB_seed_123,AraBERTv2-base,EB,123
وصول البطاقة,76,0.4545454545454545,0.8536585365853658,0.5932203389830508,41.0,AraBERT_EB_seed_123,AraBERT_EB_seed_123,AraBERTv2-base,EB,123
آبل باي أو جوجل باي,0,0.8636363636363636,0.9047619047619048,0.8837209302325582,42.0,AraBERT_EB_seed_2026,AraBERT_EB_seed_2026,AraBERTv2-base,EB,2026
إرجاع الدفع بالبطاقة؟,1,0.5925925925925926,0.6956521739130435,0.64,46.0,AraBERT_EB_seed_2026,AraBERT_EB_seed_2026,AraBERTv2-base,EB,2026
إعادة الشحن عن طريق رسوم التحويل المصرفي,2,0.5689655172413793,0.6226415094339622,0.5945945945945946,53.0,AraBERT_EB_seed_2026,AraBERT_EB_seed_2026,AraBERTv2-base,EB,2026
إلغاء التحويل,3,0.8372093023255814,0.9,0.8674698795180723,40.0,AraBERT_EB_seed_2026,AraBERT_EB_seed_2026,AraBERTv2-base,EB,2026
ابتلاع البطاقة,4,0.8571428571428571,0.6,0.7058823529411765,40.0,AraBERT_EB_seed_2026,AraBERT_EB_seed_2026,AraBERTv2-base,EB,2026
استرداد الأموال غير مرئي,5,0.6904761904761905,0.725,0.7073170731707317,40.0,AraBERT_EB_seed_2026,AraBERT_EB_seed_2026,AraBERTv2-base,EB,2026
البطاقات والعملات المدعومة,6,0.717391304347826,0.7674418604651163,0.7415730337078652,43.0,AraBERT_EB_seed_2026,AraBERT_EB_seed_2026,AraBERTv2-base,EB,2026
البطاقة الافتراضية لا تعمل,7,0.72,0.4090909090909091,0.5217391304347826,44.0,AraBERT_EB_seed_2026,AraBERT_EB_seed_2026,AraBERTv2-base,EB,2026
البطاقة المفقودة أو المسروقة,8,0.7894736842105263,0.5660377358490566,0.6593406593406593,53.0,AraBERT_EB_seed_2026,AraBERT_EB_seed_2026,AraBERTv2-base,EB,2026
البطاقة لا تعمل,9,0.5862068965517241,0.85,0.6938775510204082,40.0,AraBERT_EB_seed_2026,AraBERT_EB_seed_2026,AraBERTv2-base,EB,2026
التحقق من مصدر الأموال,10,0.9318181818181818,0.8541666666666666,0.8913043478260869,48.0,AraBERT_EB_seed_2026,AraBERT_EB_seed_2026,AraBERTv2-base,EB,2026
التعبئة عن طريق البطاقة,11,0.625,0.4166666666666667,0.5,48.0,AraBERT_EB_seed_2026,AraBERT_EB_seed_2026,AraBERTv2-base,EB,2026
التعبئة عن طريق شحن البطاقة,12,0.8461538461538461,0.7857142857142857,0.8148148148148148,42.0,AraBERT_EB_seed_2026,AraBERT_EB_seed_2026,AraBERTv2-base,EB,2026
الحصول على بطاقة احتياطية,13,0.7058823529411765,0.9,0.7912087912087912,40.0,AraBERT_EB_seed_2026,AraBERT_EB_seed_2026,AraBERTv2-base,EB,2026
الحصول على بطاقة افتراضية,14,0.6730769230769231,0.7608695652173914,0.7142857142857143,46.0,AraBERT_EB_seed_2026,AraBERT_EB_seed_2026,AraBERTv2-base,EB,2026
الحصول على بطاقة افتراضية يمكن التخلص منها,15,0.7058823529411765,0.4444444444444444,0.5454545454545454,54.0,AraBERT_EB_seed_2026,AraBERT_EB_seed_2026,AraBERTv2-base,EB,2026
الحصول على بطاقة فعلية,16,0.8,0.8,0.8,40.0,AraBERT_EB_seed_2026,AraBERT_EB_seed_2026,AraBERTv2-base,EB,2026
الدفع المباشر للدين غير معروف,17,0.7291666666666666,0.6862745098039216,0.7070707070707071,51.0,AraBERT_EB_seed_2026,AraBERT_EB_seed_2026,AraBERTv2-base,EB,2026
الدفع بالبطاقة المعلق,18,0.8048780487804879,0.6226415094339622,0.7021276595744681,53.0,AraBERT_EB_seed_2026,AraBERT_EB_seed_2026,AraBERTv2-base,EB,2026
الدفع بالبطاقة غير معترف به,19,0.6129032258064516,0.475,0.5352112676056338,40.0,AraBERT_EB_seed_2026,AraBERT_EB_seed_2026,AraBERTv2-base,EB,2026
السحب النقدي غير معترف به,20,0.6739130434782609,0.7560975609756098,0.7126436781609196,41.0,AraBERT_EB_seed_2026,AraBERT_EB_seed_2026,AraBERTv2-base,EB,2026
الصرف عبر التطبيق,21,0.8571428571428571,0.75,0.8,40.0,AraBERT_EB_seed_2026,AraBERT_EB_seed_2026,AraBERTv2-base,EB,2026
المستفيد غير مسموح به,22,0.6909090909090909,0.7450980392156863,0.7169811320754716,51.0,AraBERT_EB_seed_2026,AraBERT_EB_seed_2026,AraBERTv2-base,EB,2026
الهاتف المفقود أو المسروق,23,0.8095238095238095,0.8292682926829268,0.8192771084337349,41.0,AraBERT_EB_seed_2026,AraBERT_EB_seed_2026,AraBERTv2-base,EB,2026
انتظار التحويل,24,0.6410256410256411,0.5952380952380952,0.6172839506172839,42.0,AraBERT_EB_seed_2026,AraBERT_EB_seed_2026,AraBERTv2-base,EB,2026
انهاء حساب,25,0.8529411764705882,0.8656716417910447,0.8592592592592593,67.0,AraBERT_EB_seed_2026,AraBERT_EB_seed_2026,AraBERTv2-base,EB,2026
بطاقة على وشك الانتهاء,26,0.8780487804878049,0.8571428571428571,0.8674698795180723,42.0,AraBERT_EB_seed_2026,AraBERT_EB_seed_2026,AraBERTv2-base,EB,2026
بطاقة مخترقة,27,0.5675675675675675,0.525,0.5454545454545454,40.0,AraBERT_EB_seed_2026,AraBERT_EB_seed_2026,AraBERTv2-base,EB,2026
تحرير التفاصيل الشخصية,28,0.8235294117647058,0.9333333333333332,0.875,45.0,AraBERT_EB_seed_2026,AraBERT_EB_seed_2026,AraBERTv2-base,EB,2026
تحصيل رسوم التحويل,29,0.6222222222222222,0.7,0.6588235294117647,40.0,AraBERT_EB_seed_2026,AraBERT_EB_seed_2026,AraBERTv2-base,EB,2026
تحقق من تعبئة الرصيد,30,0.9487179487179488,0.8409090909090909,0.891566265060241,44.0,AraBERT_EB_seed_2026,AraBERT_EB_seed_2026,AraBERTv2-base,EB,2026
تحقق من هويتي,31,0.7333333333333333,0.825,0.7764705882352941,40.0,AraBERT_EB_seed_2026,AraBERT_EB_seed_2026,AraBERTv2-base,EB,2026
تعبئة الرصيد نقدًا أو بشيك,32,0.703125,0.7258064516129032,0.7142857142857143,62.0,AraBERT_EB_seed_2026,AraBERT_EB_seed_2026,AraBERTv2-base,EB,2026
تعبئة تلقائية,33,0.75,0.8360655737704918,0.7906976744186046,61.0,AraBERT_EB_seed_2026,AraBERT_EB_seed_2026,AraBERTv2-base,EB,2026
تغيير رمز التعريف الشخصي,34,0.9361702127659576,0.88,0.9072164948453608,50.0,AraBERT_EB_seed_2026,AraBERT_EB_seed_2026,AraBERTv2-base,EB,2026
تفعيل بطاقتي,35,0.896551724137931,0.5909090909090909,0.7123287671232876,44.0,AraBERT_EB_seed_2026,AraBERT_EB_seed_2026,AraBERTv2-base,EB,2026
تقدير تسليم البطاقة,36,0.5769230769230769,0.7142857142857143,0.6382978723404256,42.0,AraBERT_EB_seed_2026,AraBERT_EB_seed_2026,AraBERTv2-base,EB,2026
تلقي الأموال,37,0.7619047619047619,0.9056603773584906,0.8275862068965517,53.0,AraBERT_EB_seed_2026,AraBERT_EB_seed_2026,AraBERTv2-base,EB,2026
تلقي مبلغ خاطئ من النقد,38,0.7924528301886793,0.8076923076923077,0.8,52.0,AraBERT_EB_seed_2026,AraBERT_EB_seed_2026,AraBERTv2-base,EB,2026
تم التحصيل مرتين,39,0.875,0.9245283018867924,0.8990825688073395,53.0,AraBERT_EB_seed_2026,AraBERT_EB_seed_2026,AraBERTv2-base,EB,2026
تم تحصيل رسوم الدفع بالبطاقة,40,0.7272727272727273,0.7741935483870968,0.75,62.0,AraBERT_EB_seed_2026,AraBERT_EB_seed_2026,AraBERTv2-base,EB,2026
تم رفض الدفع بالبطاقة,41,0.6046511627906976,0.65,0.6265060240963856,40.0,AraBERT_EB_seed_2026,AraBERT_EB_seed_2026,AraBERTv2-base,EB,2026
توقيت التحويل,42,0.6071428571428571,0.85,0.7083333333333334,40.0,AraBERT_EB_seed_2026,AraBERT_EB_seed_2026,AraBERTv2-base,EB,2026
حد السن,43,0.8936170212765957,0.9333333333333332,0.9130434782608696,45.0,AraBERT_EB_seed_2026,AraBERT_EB_seed_2026,AraBERTv2-base,EB,2026
حدود البطاقة التي يمكن التخلص منها,44,0.902439024390244,0.7708333333333334,0.8314606741573034,48.0,AraBERT_EB_seed_2026,AraBERT_EB_seed_2026,AraBERTv2-base,EB,2026
حدود التعبئة,45,0.7924528301886793,0.7924528301886793,0.7924528301886793,53.0,AraBERT_EB_seed_2026,AraBERT_EB_seed_2026,AraBERTv2-base,EB,2026
دعم أجهزة الصراف الآلي,46,0.8409090909090909,0.902439024390244,0.8705882352941177,41.0,AraBERT_EB_seed_2026,AraBERT_EB_seed_2026,AraBERTv2-base,EB,2026
دعم البلد,47,0.902439024390244,0.925,0.9135802469135802,40.0,AraBERT_EB_seed_2026,AraBERT_EB_seed_2026,AraBERTv2-base,EB,2026
دعم العملات الورقية,48,0.6808510638297872,0.7111111111111111,0.6956521739130435,45.0,AraBERT_EB_seed_2026,AraBERT_EB_seed_2026,AraBERTv2-base,EB,2026
ربط البطاقة,49,0.8113207547169812,0.7962962962962963,0.8037383177570093,54.0,AraBERT_EB_seed_2026,AraBERT_EB_seed_2026,AraBERTv2-base,EB,2026
رسوم إضافية على كشف الحساب,50,0.6904761904761905,0.725,0.7073170731707317,40.0,AraBERT_EB_seed_2026,AraBERT_EB_seed_2026,AraBERTv2-base,EB,2026
رسوم السحب النقدي,51,0.7619047619047619,0.7441860465116279,0.7529411764705882,43.0,AraBERT_EB_seed_2026,AraBERT_EB_seed_2026,AraBERTv2-base,EB,2026
رسوم الصرف,52,0.8235294117647058,0.6363636363636364,0.717948717948718,44.0,AraBERT_EB_seed_2026,AraBERT_EB_seed_2026,AraBERTv2-base,EB,2026
رفض التحويل,53,0.78125,0.5555555555555556,0.6493506493506493,45.0,AraBERT_EB_seed_2026,AraBERT_EB_seed_2026,AraBERTv2-base,EB,2026
رفض السحب النقدي,54,0.7647058823529411,0.8297872340425532,0.7959183673469388,47.0,AraBERT_EB_seed_2026,AraBERT_EB_seed_2026,AraBERTv2-base,EB,2026
رمز التعريف الشخصي محظور,55,0.8333333333333334,0.75,0.7894736842105263,40.0,AraBERT_EB_seed_2026,AraBERT_EB_seed_2026,AraBERTv2-base,EB,2026
سعر الصرف,56,0.8181818181818182,0.9,0.8571428571428571,40.0,AraBERT_EB_seed_2026,AraBERT_EB_seed_2026,AraBERTv2-base,EB,2026
سعر الصرف الخاطئ للدفع بالبطاقة,57,0.803921568627451,0.7321428571428571,0.7663551401869159,56.0,AraBERT_EB_seed_2026,AraBERT_EB_seed_2026,AraBERTv2-base,EB,2026
سعر صرف خاطئ للسحب النقدي,58,0.8048780487804879,0.7857142857142857,0.7951807228915663,42.0,AraBERT_EB_seed_2026,AraBERT_EB_seed_2026,AraBERTv2-base,EB,2026
طلب استرداد,59,0.8484848484848485,0.7,0.7671232876712328,40.0,AraBERT_EB_seed_2026,AraBERT_EB_seed_2026,AraBERTv2-base,EB,2026
طلب بطاقة فعلية,60,0.6724137931034483,0.6964285714285714,0.6842105263157895,56.0,AraBERT_EB_seed_2026,AraBERT_EB_seed_2026,AraBERTv2-base,EB,2026
عادت تعبئة الرصيد,61,0.6046511627906976,0.6190476190476191,0.611764705882353,42.0,AraBERT_EB_seed_2026,AraBERT_EB_seed_2026,AraBERTv2-base,EB,2026
عدم التلامس لا يعمل,62,0.9069767441860463,0.8297872340425532,0.8666666666666667,47.0,AraBERT_EB_seed_2026,AraBERT_EB_seed_2026,AraBERTv2-base,EB,2026
غير قادر على التحقق من الهوية,63,0.8095238095238095,0.8292682926829268,0.8192771084337349,41.0,AraBERT_EB_seed_2026,AraBERT_EB_seed_2026,AraBERTv2-base,EB,2026
فشل التحويل,64,0.7692307692307693,0.5263157894736842,0.625,57.0,AraBERT_EB_seed_2026,AraBERT_EB_seed_2026,AraBERTv2-base,EB,2026
فشل التعبئة,65,0.6486486486486487,0.5,0.5647058823529412,48.0,AraBERT_EB_seed_2026,AraBERT_EB_seed_2026,AraBERTv2-base,EB,2026
في انتظار التعبئة,66,0.5730337078651685,0.7846153846153846,0.6623376623376623,65.0,AraBERT_EB_seed_2026,AraBERT_EB_seed_2026,AraBERTv2-base,EB,2026
في انتظار السحب النقدي,67,0.8253968253968254,0.7428571428571429,0.7819548872180451,70.0,AraBERT_EB_seed_2026,AraBERT_EB_seed_2026,AraBERTv2-base,EB,2026
فيزا أو ماستر كارد,68,0.7254901960784313,0.902439024390244,0.8043478260869565,41.0,AraBERT_EB_seed_2026,AraBERT_EB_seed_2026,AraBERTv2-base,EB,2026
قبول البطاقة,69,0.775,0.775,0.775,40.0,AraBERT_EB_seed_2026,AraBERT_EB_seed_2026,AraBERTv2-base,EB,2026
لم يتم تحديث الرصيد بعد التحويل المصرفي,70,0.6428571428571429,0.75,0.6923076923076923,48.0,AraBERT_EB_seed_2026,AraBERT_EB_seed_2026,AraBERTv2-base,EB,2026
لم يتم تحديث الرصيد بعد الشيك أو الإيداع النقدي,71,0.7435897435897436,0.725,0.7341772151898734,40.0,AraBERT_EB_seed_2026,AraBERT_EB_seed_2026,AraBERTv2-base,EB,2026
لم يستلم المستلم التحويل,72,0.603448275862069,0.7608695652173914,0.6730769230769231,46.0,AraBERT_EB_seed_2026,AraBERT_EB_seed_2026,AraBERTv2-base,EB,2026
لماذا التحقق من الهوية,73,0.7222222222222222,0.6341463414634146,0.6753246753246753,41.0,AraBERT_EB_seed_2026,AraBERT_EB_seed_2026,AraBERTv2-base,EB,2026
نسيان رمز المرور,74,0.85,0.85,0.85,40.0,AraBERT_EB_seed_2026,AraBERT_EB_seed_2026,AraBERTv2-base,EB,2026
نقل إلى الحساب,75,0.7183098591549296,0.864406779661017,0.7846153846153846,59.0,AraBERT_EB_seed_2026,AraBERT_EB_seed_2026,AraBERTv2-base,EB,2026
وصول البطاقة,76,0.5818181818181818,0.7804878048780488,0.6666666666666666,41.0,AraBERT_EB_seed_2026,AraBERT_EB_seed_2026,AraBERTv2-base,EB,2026
